family,genus,species,authority,sp4,sp6,lifeform
Anacardiaceae,(anacardiaceae),sp.1,NA,NA,ANA1,NA
Annonaceae,(annonaceae),sp.1,NA,NA,ANN1,NA
Annonaceae,(annonaceae),sp.2,NA,NA,ANN2,NA
Bignoniaceae,(Bignoniaceae),clitoria,NA,NA,BIG2,LIANA
Bignoniaceae,(Bignoniaceae),sp.1,NA,NA,BIG1,LIANA
Celastraceae,(celastraceae),sp.1,NA,NA,CEL1,NA
Cucurbitaceae,(Cucurbitaceae),sp.1,NA,NA,CUC1,LIANA
Euphorbiaceae,(euphorbiaceae),sp.2,NA,NA,EUP2,NA
Lauraceae,(lauraceae),pubescente,,,LAU12,NA
Lauraceae,(lauraceae),sp.11,NA,NA,LAU11,NA
Lauraceae,(lauraceae),sp.4,NA,NA,LAU4,NA
Lauraceae,(lauraceae),sp.5,NA,NA,LAU5,NA
Lauraceae,(lauraceae),sp.8,NA,NA,LAU8,NA
Malpighiaceae,(Malpighiaceae),sp. 1,NA,NA,MAL1,LIANA
Melastomataceae,(melastomataceae),sp.4,NA,NA,MEL4,NA
Melastomataceae,(melastomataceae),sp.5,NA,NA,MEL5,NA
Myrtaceae,(myrtaceae),sp.11,NA,NA,MYT11,NA
Myrtaceae,(myrtaceae),sp.13,NA,NA,MYT13,NA
Myrtaceae,(myrtaceae),sp.15,NA,NA,MYT15,NA
Myrtaceae,(myrtaceae),sp.16,NA,NA,MYT16,NA
Myrtaceae,(myrtaceae),sp.17,NA,NA,MYT17,NA
Myrtaceae,(myrtaceae),sp.18,NA,NA,MYT18,NA
Nyctaginaceae,(nyctaginaceae),sp.2,NA,NA,NYC2,NA
Passifloraceae,(Passifloraceae),sp.1,NA,NA,PAS1,LIANA
Rubiaceae,(rubiaceae),sp.6,NA,NA,RUB6,NA
Rubiaceae,(rubiaceae),sp.7,NA,NA,RUB7,NA
Rubiaceae,(rubiaceae),sp.8,NA,NA,RUB8,NA
Sapindaceae,(Sapindaceae),sp. 1,NA,NA,SAP1,LIANA
Sapindaceae,(Sapindaceae),sp. 3,NA,NA,SAP3,LIANA
Sapotaceae,(sapotaceae),sp.2,NA,NA,SAP2,NA
Sapotaceae,(sapotaceae),sp.4,NA,NA,SAP4,NA
Sapotaceae,(sapotaceae),sp.5,NA,NA,SAP5,NA
Sapotaceae,(sapotaceae),sp.6,NA,NA,SAP6,NA
Fabaceae:Mimos.,Abarema,barbouriana,(Standl.) Barneby & J.W. Grimes,ABAB,PIT1BA,M
Fabaceae:Mimos.,Abarema,macradenia,(Pittier) Barneby & J.W. Grimes,PITM,PIT1MA,T
Menispermaceae,Abuta,panamensis,(Standl.) Krukoff & Barneby,ABUP,ABUTPA,LIANA
Menispermaceae,Abuta,racemosa,(Thunb.) Triana & Planch.,ABUR,ABUTRA,LIANA
Fabaceae:Mimos.,Acacia,collinsii,,,ACACCO,NA
Fabaceae,Acacia,hayesii,NA,NA,ACACAC,LIANA
Fabaceae,Acacia,hayesii,Benth.,ACAH,ACACHA,LIANA
Fabaceae:Mimos.,Acacia,melanoceras,Beurl.,ACA1,ACACME,U
Fabaceae,Acacia,riparia,Kunth,ACAR,ACACRI,VINE
Fabaceae:Mimos.,Acacia,sp.1,NA,NA,ACAC1,NA
Euphorbiaceae,Acalypha,diversifolia,Jacq.,ACAD,ACALDI,S
Euphorbiaceae,Acalypha,macrostachya,Jacq.,ACA2,ACALMA,U
Cactaceae,Acanthocereus,tetragonus,,,ACANTE,NA
Euphorbiaceae,Acidoton,nicaraguensis,,,ACIDNI,S
Melastomataceae,Aciotis,rubricaulis,(Mart. ex DC.) Triana,ACIL,ACIOLE,NA
Fabaceae:Papil.,Acosmium,panamense,,,ACOSPA,M
Arecaceae,Acrocomia,aculeata,(Jacq.) Lodd. ex Mart.,ACRA,ACROPA,U palma
Euphorbiaceae,Adelia,triloba,(Müll. Arg.) Hemsl.,ADET,ADE1TR,U
Melastomataceae,Adelobotrys,adscendens,(Sw.) Triana,ADE1,ADE2AD,LIANA
Melastomataceae,Adelobotrys,panamensis,,,ADELPA,NA
Lythraceae,Adenaria,floribunda,,,ADENFL,NA
Bignoniaceae,Adenocalymma,arthropetiolatum,NA,NA,ADE3AR,LIANA
Bignoniaceae,Adenocalymma,inundatum,Mart. ex DC.,ADE2,ADE3IN,LIANA
Verbenaceae,Aegiphila,anomala,,,AEGIAN,M
Verbenaceae,Aegiphila,cephalophora,Standl.,AEGC,AEGICE,LIANA
Verbenaceae,Aegiphila,elata,Sw.,AEGE,AEGIEL,LIANA
Verbenaceae,Aegiphila,odontophylla,NA,NA,AEGIOD,NA
Verbenaceae,Aegiphila,panamensis,Moldenke,AEGP,AEGIPA,M
Opiliaceae,Agonandra,brasiliensis,NA,NA,AGONBR,NA
Lauraceae,Aiouea,vexatrix,NA,NA,AIOUVE,NA
Arecaceae,Aiphanes,hirsuta,,,AIPHHI,S palma
Fabaceae:Mimos.,Albizia,adinocephala,,,ALBIAD,M
Fabaceae:Mimos.,Albizia,niopoides,,,ALBINI,NA
Fabaceae:Mimos.,Albizia,procera,,,ALBIPR,NA
Euphorbiaceae,Alchornea,costaricensis,Pax & K. Hoffm.,ALCC,ALCHCO,T
Euphorbiaceae,Alchornea,grandis,,,ALCHGR,NA
Euphorbiaceae,Alchornea,latifolia,Sw.,ALCL,ALCHLA,M
Euphorbiaceae,Alchornea,sp.3,NA,NA,ALCH3,NA
Euphorbiaceae,Alchornea,sp.4,NA,NA,ALCH4,NA
Euphorbiaceae,Alchornea,sp.5,NA,NA,ALCH5,NA
Rubiaceae,Alibertia,edulis,(Rich.) A. Rich. ex DC.,ALIE,ALIBED,U
Rubiaceae,Alibertia,garapatica,NA,NA,ALIBGA,NA
Apocynaceae,Allamanda,cathartica,NA,NA,ALLACA,LIANA
Rubiaceae,Allenanthus,erythrocarpus,,,ALLEER,M
Sapindaceae,Allophylus,gentryi,Croat,ALLG,ALLOGE,U
Sapindaceae,Allophylus,psilospermus,Radlk.,ALLP,ALLOPS,M
Sapindaceae,Allophylus,racemosus,,,ALLOOC,NA
Sapindaceae,Allophylus,sp.2,NA,NA,ALLO2,NA
Betulaceae,Alnus,acuminata,NA,NA,ALNUAC,NA
Rubiaceae,Alseis,blackiana,Hemsl.,ALSB,ALSEBL,T
Rubiaceae,Amaioua,corymbosa,Kunth,AMAC,AMAICO,U
Rubiaceae,Amaioua,magnicarpa,,,AMAIMA,U
Rubiaceae,Amaioua,pedicellata,,,AMAIPE,U
Rubiaceae,Amaioua,sp.1,NA,NA,AMAI1,NA
Rubiaceae,Amaioua,sp.2,NA,NA,AMAI2,NA
Euphorbiaceae,Amanoa,guianensis,,,AMANGU,NA
Ulmaceae,Ampelocera,edentula,,,AMPEED,NA
Ulmaceae,Ampelocera,macphersonii,,,AMPEMA,NA
Bignoniaceae,Amphilophium,paniculatum,(L.) Kunth,AMPP,AMPHPA,LIANA
Bignoniaceae,Amphitecna,isthmica,,,AMP1IS,U
Bignoniaceae,Amphitecna,latifolia,,,AMP1LA,U
Bignoniaceae,Amphitecna,spathicalyx,,,AMP1SP,U
Rutaceae,Amyris,balsamifera,NA,NA,AMYRBA,NA
Anacardiaceae,Anacardium,excelsum,(Bertero & Balb. ex Kunth) Skeels,ANAE,ANACEX,T
Anacardiaceae,Anacardium,occidentale,L.,ANAO,ANACOC,M
Annonaceae,Anaxagorea,allenii,,,ANAXAL,S
Annonaceae,Anaxagorea,panamensis,Standl.,ANAP,ANAXPA,S
Fabaceae:Papil.,Andira,inermis,(W. Wright) DC.,ANDI,ANDIIN,T
Bignoniaceae,Anemopaegma,chrysoleucum,(Kunth) Sandwith,ANEC,ANEMCH,LIANA
Lauraceae,Aniba,hostmanniana,,,ANIBHO,NA
Lauraceae,Aniba,sp.1,NA,NA,ANIB1,NA
Lauraceae,Aniba,sp.2,NA,NA,ANIB2,NA
Annonaceae,Annona,acuminata,Saff.,ANNA,ANNOAC,S
Annonaceae,Annona,cherimola,,,ANNOCH,NA
Annonaceae,Annona,glabra,L.,ANNG,ANNOGL,U
Annonaceae,Annona,hayesii,Saff.,ANNH,ANNOHA,U
Annonaceae,Annona,montana,,,ANNOMO,U
Annonaceae,Annona,muricata,L.,ANNM,ANNOMU,U
Annonaceae,Annona,pittieri,,,ANNOPI,U
Annonaceae,Annona,purpurea,,,ANNOPU,M
Annonaceae,Annona,reticulata,,,ANNORE,NA
Annonaceae,Annona,spraguei,Saff.,ANNS,ANNOSP,M
Annonaceae,Annona,squamosa,NA,NA,ANNOSQ,NA
Caryocaraceae,Anthodiscus,chocoensis,NA,NA,ANTHCH,NA
Hippocrateaceae,Anthodon,panamense,A.C. Sm.,ANTP,ANTHPA,LIANA
Tiliaceae,Apeiba,hybrid,,,APEIHY,T
Tiliaceae,Apeiba,membranacea,Spruce ex Benth.,APEM,APEIME,NA
Tiliaceae,Apeiba,tibourbou,Aubl.,APET,APEITI,M
Acanthaceae,Aphelandra,campanensis,,,APHECA,S
Acanthaceae,Aphelandra,gracilis,,,APHEGR,S
Acanthaceae,Aphelandra,scabra,,,APHEDE,S
Acanthaceae,Aphelandra,sinclairiana,Nees,APHS,APHESI,S
Rubiaceae,Appunia,seibertii,Standl.,APPS,APPUSE,S
Myrsinaceae,Ardisia,bartlettii,Lundell,ARDB,ARDIBA,S
Myrsinaceae,Ardisia,dukei,,,ARDIDU,S
Myrsinaceae,Ardisia,fendleri,P.H. Allen,ARDF,ARDIFE,U
Myrsinaceae,Ardisia,glomerata,,,ARDIGL,S
Myrsinaceae,Ardisia,guianensis,(Aubl.) Mez,ARDG,ARDIGU,S
Myrsinaceae,Ardisia,opaca,,,ARDIOP,U
Myrsinaceae,Ardisia,opegrapha,,,ARDIO1,NA
Myrsinaceae,Ardisia,pellucida,Oerst.,ARDP,ARDIPE,NA
Myrsinaceae,Ardisia,revoluta,,,ARDIRE,U
Myrsinaceae,Ardisia,solanacea,,,ARDISO,NA
Myrsinaceae,Ardisia,sp.11,NA,NA,ARDI11,NA
Myrsinaceae,Ardisia,sp.15,NA,NA,ARDI15,NA
Myrsinaceae,Ardisia,sp.5,NA,NA,ARDI5,NA
Myrsinaceae,Ardisia,sp.6,NA,NA,ARDI6,NA
Myrsinaceae,Ardisia,sp.7,NA,NA,ARDI7,NA
Myrsinaceae,Ardisia,sp.9,NA,NA,ARDI9,NA
Aristolochiaceae,Aristolochia,cordiflora,NA,NA,ARISCO,LIANA
Aristolochiaceae,Aristolochia,gigantea,Mutis ex  Kunth,ARI2,ARISGI,LIANA
Aristolochiaceae,Aristolochia,pilosa,Kunth,ARIP,ARISPI,LIANA
Aristolochiaceae,Aristolochia,tonduzii,O.C. Schmidt,ARIC,ARISTO,LIANA
Bignoniaceae,Arrabidaea,candicans,(Rich.) DC.,ARR1,ARRACA,LIANA
Bignoniaceae,Arrabidaea,chica,(Humb. & Bonpl.) B. Verl.,ARR2,ARRACH,LIANA
Bignoniaceae,Arrabidaea,corallina,NA,NA,ARRACO,LIANA
Bignoniaceae,Arrabidaea,florida,A. DC.,ARRF,ARRAFL,LIANA
Bignoniaceae,Arrabidaea,patellifera,(Schltdl.) Sandwith,ARRP,ARRAPA,LIANA
Bignoniaceae,Arrabidaea,verrucosa,(Standl.) A.H. Gentry,ARRV,ARRAVE,LIANA
Moraceae,Artocarpus,altilis,,,ARTOAL,T
Apocynaceae,Aspidosperma,megalocarpon,Müll. Arg.,ASPM,ASPIME,T
Apocynaceae,Aspidosperma,spruceanum,Benth. ex Müll. Arg.,ASPC,ASPICR,NA
Arecaceae,Astrocaryum,alatum,,,AST1AL,S palma
Arecaceae,Astrocaryum,standleyanum,L.H. Bailey,ASTS,AST1ST,M palma
Anacardiaceae,Astronium,graveolens,Jacq.,ASTG,AST2GR,T
Arecaceae,Attalea,butyracea,(Mutis ex L. f.) Wess. Boer.,ATTB,SCH1ZO,M
Myrtaceae,Aulomyrcia,zetekiana,,,MYRCZE,S
Verbenaceae,Avicennia,bicolor,,,AVICBI,NA
Verbenaceae,Avicennia,germinans,,,AVICGE,T
Arecaceae,Bactris,barronis,L.H. Bailey,BACB,BACTBA,U palma
Arecaceae,Bactris,coloniata,L.H. Bailey,BAC1,BACTC1,S palma
Arecaceae,Bactris,coloradonis,L.H. Bailey,BAC2,BACTC2,U palma
Arecaceae,Bactris,gasipaes,,,BACTGA,M palma
Arecaceae,Bactris,major,Jacq.,BACM,BACTMA,U palma
Arecaceae,Bactris,maraja,,,BACTM1,NA
Arecaceae,Bactris,panamensis,de Nevers & Grayum,BACP,BACTPA,S palma
Fabaceae:Mimos.,Balizia,elegans,,,BALIEL,NA
Flacourtiaceae,Banara,guianensis,Aubl.,BANG,BANAGU,U
Malpighiaceae,Banisteriopsis,cornifolia,(Kunth) C.B. Rob.,BANC,BANICO,LIANA
Rubiaceae,Bathysa,veraguensis,NA,NA,BATHVE,NA
Moraceae,Batocarpus,costaricensis,,,BATOCO,NA
Fabaceae:Caesal.,Bauhinia,aculeata,NA,NA,BAUHAC,NA
Fabaceae,Bauhinia,guianensis,Aubl.,BAUG,BAUHGU,LIANA
Fabaceae,Bauhinia,reflexa,Schery,BAUR,BAUHRE,LIANA
Fabaceae,Bauhinia,spp.,NA,NA,BAUH1,LIANA
Fabaceae:Caesal.,Bauhinia,ungulata,,,BAUHUN,NA
Lauraceae,Beilschmiedia,aff.tilaranensis,,,BEILTI,NA
Lauraceae,Beilschmiedia,pendula,(Sw.) Hemsl.,BEIP,BEILPE,T
Lauraceae,Beilschmiedia,sulcata,,,BEILSU,T
Melastomataceae,Bellucia,pentamera,,,BELLPE,U
Rubiaceae,Bertiera,guianensis,Aubl.,BERG,BERTGU,S
Gesneriaceae,Besleria,formicaria,,,BESLFO,S
Bignoniaceae,Bignoniaceae,sp.,NA,NA,BIGNSP,LIANA
Hippocastanaceae,Billia,rosea,,,BILLCO,NA
Bixaceae,Bixa,orellana,,,BIXAOR,NA
Asclepiadaceae,Blepharodon,mucronatum,NA,NA,BLEPMU,LIANA
Papaveraceae,Bocconia,frutescens,,,BOCCFR,S
Convulvaceae,Bonamia,trichantha,NA,NA,BONATR,LIANA
Rubiaceae,Borojoa,panamensis,Dwyer,BORP,BOROPA,M
Rubiaceae,Borojoa,sp.1,NA,NA,BORO1,NA
Boraginaceae,Bourreria,costaricensis,,,BOURCO,T
Acanthaceae,Bravaisia,integerrima,NA,NA,BRAVIN,NA
Moraceae,Brosimum,alicastrum,Sw.,BROA,BROSAL,T
Moraceae,Brosimum,costaricanum,,,BROSCO,T
Moraceae,Brosimum,guianense,(Aubl.) Huber,BROG,BROSGU,T
Moraceae,Brosimum,lactescens,,,BROSLA,NA
Moraceae,Brosimum,rubescens,,,BROSRU,NA
Moraceae,Brosimum,utile,(Kunth) Pittier,BROU,BROSUT,T
Fabaceae:Caesal.,Brownea,macrophylla,,,BROWMA,NA
Solanaceae,Brunfelsia,dwyeri,,,BRUNDW,NA
Combretaceae,Buchenavia,tetraphylla,,,BUCHCA,NA
Combretaceae,Bucida,buceras,,,BUCIBU,NA
Loganiaceae,Buddleja,americana,NA,NA,BUDDAM,NA
Malpighiaceae,Bunchosia,dwyeri,,,BUNCDW,S
Malpighiaceae,Bunchosia,macrophylla,,,BUNCMA,NA
Malpighiaceae,Bunchosia,nitida,(Jacq.) DC.,BUNC,BUNCCO,NA
Malpighiaceae,Bunchosia,odorata,,,BUNCOD,U
Malpighiaceae,Bunchosia,sp.1,NA,NA,BUNC1,NA
Burseraceae,Bursera,simaruba,(L.) Sarg.,BURS,BURSSI,T
Burseraceae,Bursera,tomentosa,,,BURSTO,NA
Malpighiaceae,Byrsonima,crassifolia,(L.) Kunth,BYRC,BYRSCR,T
Malpighiaceae,Byrsonima,crispa,,,BYRSC1,T
Malpighiaceae,Byrsonima,dressleri,,,BYRSNE,NA
Malpighiaceae,Byrsonima,spicata,(Cav.) DC.,BYRS,BYRSSP,T
Sterculiaceae,Byttneria,aculeata,(Jacq.) Jacq.,BYTA,BYTTAC,VINE
Fabaceae:Mimos.,Caesalpinia,coriaria,,,CAESCO,NA
Fabaceae:Mimos.,Caesalpinia,eriostachys,NA,NA,CAESER,NA
Icacinaceae,Calatola,costaricensis,,,CALACO,NA
Fabaceae:Mimos.,Calliandra,aff.grandifolia,,,CALLGR,NA
Fabaceae:Mimos.,Calliandra,laxa_var.stipulacea,,,CALLST,NA
Fabaceae:Mimos.,Calliandra,magdalenae,,,CALLMA,S
Verbenaceae,Callicarpa,acuminata,,,CAL4AC,NA
Bignoniaceae,Callichlamys,latifolia,(L. Rich.) K. Schum.,CAL1,CALLLA,LIANA
Clusiaceae,Calophyllum,brasiliense,,,CALOBR,T
Clusiaceae,Calophyllum,inophyllum,,,CALOIN,NA
Clusiaceae,Calophyllum,longifolium,Willd.,CAL2,CALOLO,T
Clusiaceae,Calophyllum,nubicola,NA,NA,CALONU,NA
Myrtaceae,Calycolpus,sp.1,NA,NA,CAL11,NA
Myrtaceae,Calycolpus,warszewiczianus,O. Berg,CALW,CAL1WA,M
Rubiaceae,Calycophyllum,candidissimum,(Vahl) DC.,CALC,CAL2CA,T
Myrtaceae,Calyptranthes,chytraculia,,,CALYCH,U
Myrtaceae,Calyptranthes,pallens,,,CALYCO,NA
Myrtaceae,Calyptranthes,pulchella,,,CALYPU,NA
Myrtaceae,Calyptranthes,tumidonodia,,,CALYTU,NA
Arecaceae,Calyptrogyne,costatifrons,,,CAL3CO,S palma
Anacardiaceae,Campnosperma,panamense,,,CAMPPA,NA
Annonaceae,Cananga,odorata,NA,NA,CANAOD,NA
Capparaceae,Capparis,aff.osmantha,,,CAPPOS,T
Capparaceae,Capparis,antonensis,,,CAPPAN,T
Capparaceae,Capparis,cynophallophora,,,CAPPCY,U
Capparaceae,Capparis,discolor,,,CAPPDI,U
Capparaceae,Capparis,flexuosa,,,CAPPFL,NA
Capparaceae,Capparis,frondosa,Jacq.,CAPF,CAPPFR,S
Capparaceae,Capparis,indica,(L.) Druce,CAPI,CAPPIN,S
Capparaceae,Capparis,panamensis,,,CAPPPA,S
Capparaceae,Capparis,pittieri,,,CAPPPI,U
Capparaceae,Capparis,verrucosa,,,CAPPVE,NA
Meliaceae,Carapa,guianensis,Aubl.,CARG,CARAGU,T
Caricaceae,Carica,papaya,,,CARIPA,M
Flacourtiaceae,Carpotroche,platyptera,NA,NA,CARPPL,NA
Lauraceae,Caryodaphnopsis,burgeri,,,CARYBU,T
Lauraceae,Caryodaphnopsis,tomentosa,,,CARYTO,NA
Flacourtiaceae,Casearia,aculeata,Jacq.,CAS1,CASEAC,U
Flacourtiaceae,Casearia,arborea,(Rich.) Urb.,CAS2,CASEAR,T
Flacourtiaceae,Casearia,arguta,,,CASEA1,U
Flacourtiaceae,Casearia,commersoniana,Cambess.,CASC,CASECO,U
Flacourtiaceae,Casearia,coronata,,,CASEC1,NA
Flacourtiaceae,Casearia,corymbosa,Kunth,CAS5,CASEC2,NA
Flacourtiaceae,Casearia,guianensis,(Aubl.) Urb.,CASG,CASEGU,U
Flacourtiaceae,Casearia,nigricans,,,CASENI,NA
Flacourtiaceae,Casearia,sp.1,NA,NA,CASE1,NA
Flacourtiaceae,Casearia,sp.3,NA,NA,CASE3,NA
Flacourtiaceae,Casearia,sp.4,NA,NA,CASE4,NA
Flacourtiaceae,Casearia,sp.5,NA,NA,CASE5,NA
Flacourtiaceae,Casearia,sp.6,NA,NA,CASE6,NA
Flacourtiaceae,Casearia,sylvestris,Sw.,CASS,CASESY,M
Fabaceae:Caesal.,Cassia,grandis,NA,NA,CAS1GR,NA
Fabaceae:Caesal.,Cassia,moschata,,,CAS1MO,T
Rhizophoraceae,Cassipourea,enana,,,CASS2,NA
Rhizophoraceae,Cassipourea,hoja_grande,,,CASS1,NA
Rhizophoraceae,Cassipourea,elliptica,(Sw.) Poir.,CAS3,CASSEL,M
Moraceae,Castilla,elastica,Sessé ex Cerv.,CAS4,CASTEL,T
Bombacaceae,Cavanillesia,platanifolia,(Bonpl.) Kunth,CAVP,CAVAPL,T
Ericaceae,Cavendishia,bracteata,NA,NA,CAVEBR,NA
Cucurbitaceae,Cayaponia,denticulata,Killip ex C. Jeffrey,CAYD,CAYADE,VINE
Cucurbitaceae,Cayaponia,granatensis,Cogn.,CAYG,CAYAGR,VINE
Cecropiaceae,Cecropia,garciae,,,CECRGA,U
Cecropiaceae,Cecropia,heterochroma,,,CECRHE,U
Cecropiaceae,Cecropia,insignis,Liebm.,CECI,CECRIN,T
Cecropiaceae,Cecropia,longipes,Pittier,CECL,CECRLO,M
Cecropiaceae,Cecropia,obtusifolia,Bertol.,CECO,CECROB,M
Cecropiaceae,Cecropia,peltata,L.,CECP,CECRPE,M
Meliaceae,Cedrela,fissilis,,,CEDRFI,NA
Meliaceae,Cedrela,odorata,L.,CEDO,CEDROD,T
Bombacaceae,Ceiba,pentandra,(L.) Gaertn.,CEIP,CEIBPE,T
Ulmaceae,Celtis,iguanaeus,(Jacq.) Sarg.,CELI,CELTIG,LIANA
Ulmaceae,Celtis,schippii,Standl.,CELS,CELTSC,M
Campanulaceae,Centropogon,tortilis,,,CENTTO,NA
Bignoniaceae,Ceratophytum,tetragonolobum,(Jacq.) Sprague & Sandwith,CERT,CERATE,LIANA
Ochnaceae,Cespedesia,spathulata,(Ruiz & Pav.) Planch.,CES1,CESPMA,NA
Solanaceae,Cestrum,latifolium,Lam.,CESL,CESTLA,S
Solanaceae,Cestrum,megalophyllum,Dunal,CES2,CESTME,S
Solanaceae,Cestrum,racemosum,NA,NA,CESTRA,NA
Arecaceae,Chamaedorea,pinnatifrons,,,CHA1PI,NA
Arecaceae,Chamaedorea,tepejilote,Liebm. ex Mart.,CHAW,CHA1TE,S palma
Myrtaceae,Chamguava,schippii,(Standl.) Landrum,PSIA,CHA2SC,U
Hippocrateaceae,Cheiloclinium,cognatum,,,CHEICO,U
Rubiaceae,Chimarrhis,latifolia,,,CHIMLA,NA
Rubiaceae,Chimarrhis,parviflora,Standl.,CHIP,CHIMPA,T
Rubiaceae,Chiococca,alba,(L.) Hitchc.,CHIA,CHIOAL,LIANA
Oleaceae,Chionanthus,panamensis,,,CHI1PA,U
Fabaceae:Mimos.,Chloroleucon,mangense,,,CHLOMA,M
Rubiaceae,Chomelia,barbellata,Standl.,CHOB,CHOMAT,VINE
Rubiaceae,Chomelia,psilocarpa,Dwyer & M.V. Hayden,CHOP,CHOMPS,LIANA
Rubiaceae,Chomelia,spinosa,,,CHOMSP,U
Menispermaceae,Chondrodendron,tomentosum,Ruiz & Pav.,CHOT,CHONTO,LIANA
Sapotaceae,Chromolucuma,aff.rubriflora,,,CHRORU,NA
Chrysobalanaceae,Chrysobalanus,icaco,,,CHR3IC,S
Clusiaceae,Chrysochlamys,eclipes,L.O. Williams,TOVN,CHR1EC,S
Clusiaceae,Chrysochlamys,glauca,,,CHR1GL,NA
Clusiaceae,Chrysochlamys,grandifolia,,,CHR1GR,U
Clusiaceae,Chrysochlamys,nicaraguensis,,,CHR1NI,NA
Sapotaceae,Chrysophyllum,argenteum,Jacq.,CHRA,CHR2AR,T
Sapotaceae,Chrysophyllum,brenesii,,,CHR2BR,T
Sapotaceae,Chrysophyllum,cainito,L.,CHRC,CHR2CA,T
Sapotaceae,Chrysophyllum,colombianum,,,CHR2CO,NA
Sapotaceae,Chrysophyllum,hirsutum,,,CHR2HI,NA
Sapotaceae,Chrysophyllum,sp.1,NA,NA,CHR21,NA
Sapotaceae,Chrysophyllum,sp.2,NA,NA,CHR22,NA
Sapotaceae,Chrysophyllum,venezuelanense,,,CHR2VE,T
Poaceae,Chusquea,simpliciflora,Munro,CHUS,CHUSSI,VINE
Lauraceae,Cinnamomum,paratriplinerve,,,CINNPA,M
Lauraceae,Cinnamomum,triplinerve,(Ruiz & Pav.) Kosterm.,PHOM,PHOECI,NA
Vitaceae,Cissus,alata,NA,NA,CISSRH,LIANA
Vitaceae,Cissus,erosa,Rich.,CISE,CISSER,VINE
Vitaceae,Cissus,fuliginea,Kunth,CISP,CISSPS,VINE
Vitaceae,Cissus,microcarpa,Vahl,CISM,CISSMI,VINE
Vitaceae,Cissus,sp.1,NA,NA,CISS1,LIANA
Vitaceae,Cissus,verticillata,L.,CISS,CISSSI,VINE
Verbenaceae,Citharexylum,caudatum,L.,CITC,CITHCA,NA
Rutaceae,Citrus,limon,NA,NA,CITRLI,NA
Rutaceae,Citrus,sinensis,,,CITRSI,U
Moraceae,Clarisia,biflora,,,CLARBI,M
Moraceae,Clarisia,racemosa,,,CLARRA,T
Theophrastaceae,Clavija,biborrana,,,CLAVBI,S
Theophrastaceae,Clavija,costaricana,,,CLAVCO,S
Theophrastaceae,Clavija,mezii,,,CLAVME,S
Clethraceae,Clethra,lanata,,,CLETLA,M
Melastomataceae,Clidemia,crenulata,,,CLIDCO,NA
Melastomataceae,Clidemia,densiflora,,,CLIDD1,S
Melastomataceae,Clidemia,dentata,D. Don,CLID,CLIDDE,S
Melastomataceae,Clidemia,hammelii,,,CLIDHA,S
Melastomataceae,Clidemia,octona,(Bonpl.) L.O. Williams,CLIO,CLIDOC,S
Melastomataceae,Clidemia,septuplinervia,Cogn.,CLIS,CLIDSE,S
Melastomataceae,Clidemia,sp.1,NA,NA,CLID1,NA
Fabaceae:Papil.,Clitoria,glaberrima,,,CLITGL,S
Fabaceae,Clitoria,javitensis,(Kunth) Benth.,CLIJ,CLITJA,LIANA
Fabaceae,Clitoria,rubiginosa,NA,NA,CLITRU,LIANA
Clusiaceae,Clusia,cretosa,L.,CLUC,CLUSCR,NA
Clusiaceae,Clusia,divaricata,,,CLUSDI,U
Clusiaceae,Clusia,pratensis,,,CLUSPR,NA
Clusiaceae,Clusia,quadrangula,,,CLUSQU,NA
Clusiaceae,Clusia,rosea,,,CLUSRO,NA
Clusiaceae,Clusia,stenophylla,,,CLUSST,NA
Bignoniaceae,Clytostoma,binatum,(Thunb.) Sandwith,CLYB,CLYTBI,LIANA
Connaraceae,Cnestidium,rufescens,Planch.,CNER,CNESRU,LIANA
Euphorbiaceae,Cnidoscolus,urens,,,CNIDUR,NA
Polygonaceae,Coccoloba,acuminata,Kunth,COC2,COCCA2,U
Polygonaceae,Coccoloba,caracasana,Meisn.,COC4,COCCCA,NA
Polygonaceae,Coccoloba,coronata,Jacq.,COCC,COCCCO,M
Polygonaceae,Coccoloba,johnstonii,R.A. Howard,COC1,COCCJO,NA
Polygonaceae,Coccoloba,lasseri,,,COCCLA,M
Polygonaceae,Coccoloba,manzinellensis,Beurl.,COCM,COCCMA,U
Polygonaceae,Coccoloba,mollis,,,COCCMO,NA
Polygonaceae,Coccoloba,obovata,,,COCCOB,NA
Polygonaceae,Coccoloba,padiformis,,,COCCPA,U
Polygonaceae,Coccoloba,parimensis,Benth.,COCP,COCCP1,LIANA
Polygonaceae,Coccoloba,sp.2,NA,NA,COCC2,NA
Polygonaceae,Coccoloba,sp.4,NA,NA,COCC4,NA
Polygonaceae,Coccoloba,tuerckheimii,,,COCCTU,NA
Polygonaceae,Coccoloba,uvifera,,,COCCUV,M
Cochlospermaceae,Cochlospermum,vitifolium,(Willd.) Spreng.,COCV,COCHVI,U
Arecaceae,Cocos,nucifera,,,COCONU,NA
Fabaceae:Mimos.,Cojoba,hoja_grande,,,COJO1,NA
Fabaceae:Mimos.,Cojoba,rufescens,(Benth.) Britton & Rose,PITR,PIT1RU,M
Arecaceae,Colpothrinax,aphanopetala,,,COLPAP,NA
Rhamnaceae,Colubrina,glandulosa,Perkins,COLG,COLUGL,T
Rhamnaceae,Colubrina,heteroneura,,,COLUHE,S
Rhamnaceae,Colubrina,spinosa,NA,NA,COLUSP,NA
Combretaceae,Combretum,cacoucia,Exell,COMC,COMBCA,LIANA
Combretaceae,Combretum,decandrum,Jacq.,COMD,COMBDE,LIANA
Combretaceae,Combretum,fruticosum,(Loefl.) Stuntz,COMF,COMBFR,LIANA
Combretaceae,Combretum,laxum,Jacq.,COML,COMBLA,LIANA
Combretaceae,Combretum,o Prionostemma???,NA,NA,COMBPR,LIANA
Myristicaceae,Compsoneura,capitellata,,,COMPCA,U
Myristicaceae,Compsoneura,sprucei,,,COMPSP,U
Euphorbiaceae,Conceveiba,pleiostemona,,,CONCPL,NA
Rutaceae,Conchocarpus,nicaraguensis,,,ANGONI,NA
Rubiaceae,Condaminea,corymbosa,,,CONDCO,NA
Connaraceae,Connarus,panamensis,Griseb.,CONP,CONNPA,LIANA
Connaraceae,Connarus,turczaninowii,Triana,CONT,CONNTU,LIANA
Combretaceae,Conocarpus,erectus,,,CON1ER,M
Melastomataceae,Conostegia,bracteata,Triana,CONB,CONOBR,S
Melastomataceae,Conostegia,cinnamomea,(Beurl.) Wurdack,CONC,CONOCI,S
Melastomataceae,Conostegia,cuatrecasii,,,CONOCU,NA
Melastomataceae,Conostegia,montana,,,CONOMO,NA
Melastomataceae,Conostegia,rufescens,,,CONORU,T
Melastomataceae,Conostegia,sp.1,NA,NA,CONO1,NA
Melastomataceae,Conostegia,speciosa,Naudin,CON1,CONOSP,S
Melastomataceae,Conostegia,xalapensis,,,CONOXA,U
Fabaceae:Caesal.,Copaifera,aromatica,,,COPAAR,M
Boraginaceae,Cordia,alliodora,(Ruiz & Pav.) Oken,CORA,CORDAL,T
Boraginaceae,Cordia,bicolor,A. DC.,CORB,CORDBI,T
Boraginaceae,Cordia,collococca,,,CORDCO,NA
Boraginaceae,Cordia,correae,NA,NA,CORDC1,NA
Boraginaceae,Cordia,curassavica,,,CORDCU,NA
Boraginaceae,Cordia,cymosa,,,CORDCY,M
Boraginaceae,Cordia,dentata,,,CORDDE,NA
Boraginaceae,Cordia,dwyeri,,,CORDDW,M
Boraginaceae,Cordia,eriostigma,,,CORDER,NA
Boraginaceae,Cordia,lasiocalyx,Pittier,CORL,CORDLA,M
Boraginaceae,Cordia,lucidula,,,CORDLU,T
Boraginaceae,Cordia,megalantha,,,CORDME,NA
Boraginaceae,Cordia,panamensis,L. Riley,CORP,CORDPA,U
Boraginaceae,Cordia,porcata,,,CORDPO,U
Boraginaceae,Cordia,sp.6,NA,NA,CORD6,NA
Boraginaceae,Cordia,sp.7,NA,NA,CORD7,NA
Cornaceae,Cornus,disciflora,NA,NA,CORNDI,NA
Fabaceae,Corymbosa,roseum,NA,NA,CORYRO,LIANA
Arecaceae,Corypha,umbraculifera,NA,NA,CORYUM,NA
Rubiaceae,Cosmibuena,grandiflora,NA,NA,COSMGR,NA
Rubiaceae,Cosmibuena,macrocarpa,,,COSMMA,M
Chrysobalanaceae,Couepia,chocolate,,,COUE2,T
Chrysobalanaceae,Couepia,sp.1,NA,NA,COUE1,NA
Apocynaceae,Couma,macrocarpa,NA,NA,COUMMA,NA
Lecythidaceae,Couratari,guianensis,Aubl.,COUP,COURPA,T
Lecythidaceae,Couroupita,guianensis,,,COU3GU,T
Cecropiaceae,Coussapoa,villosa,NA,NA,COUSVI,LIANA
Rubiaceae,Coussarea,cerroazulensis,,,COU2CE,U
Rubiaceae,Coussarea,curvigemmia,Dwyer,COUC,COU2CU,U
Rubiaceae,Coussarea,latifolia,,,COU2LA,U
Rubiaceae,Coussarea,loftonii,,,COU2LO,U
Rubiaceae,Coussarea,sp.1,NA,NA,COU21,NA
Rubiaceae,Coutarea,hexandra,(Jacq.) K. Schum.,COUH,COUTHE,U
Capparaceae,Crateva,tapia,,,CRATTA,NA
Annonaceae,Cremastosperma,panamense,Maas,CREP,CREMPA,S
Annonaceae,Cremastosperma,sp.2,NA,NA,CREM2,NA
Annonaceae,Cremastosperma,sp.4,NA,NA,CREM4,NA
Bignoniaceae,Crescentia,alata,,,CRESAL,NA
Bignoniaceae,Crescentia,cujete,,,CRESCU,NA
Celastraceae,Crossopetalum,coba,,,CROS1,NA
Celastraceae,Crossopetalum,parviflorum,(Hemsl.) Lundell,CRO3,CROSPA,U
Euphorbiaceae,Croton,billbergianus,Müll. Arg.,CROB,CROTBI,U
Euphorbiaceae,Croton,draco,Schltdl.,CROP,CROTDR,M
Euphorbiaceae,Croton,lanjouwensis,,,CROTLA,NA
Euphorbiaceae,Croton,pachypodus,,,CROTPA,NA
Euphorbiaceae,Croton,santaritensis,,,CROTSA,NA
Euphorbiaceae,Croton,schiedeanus,,,CROTSC,NA
Euphorbiaceae,Croton,sp.2,NA,NA,CROT2,NA
Euphorbiaceae,Croton,sp.3,NA,NA,CROT3,NA
Fabaceae:Caesal.,Crudia,acuminata,,,CRUDAC,NA
Arecaceae,Cryosophila,warscewiczii,(H. Wendl.) Bartlett,CRYW,CRYOWA,M palma
Lauraceae,Cryptocarya,aschersoniana,NA,NA,CRYPAS,NA
Sapindaceae,Cupania,cinerea,Poepp.,CUPC,CUPACI,M
Sapindaceae,Cupania,guatemalensis,,,CUPAGU,NA
Sapindaceae,Cupania,latifolia,Kunth,CUPL,CUPALA,T
Sapindaceae,Cupania,rufescens,Triana & Planch.,CUPR,CUPARU,T
Sapindaceae,Cupania,scrobiculata,Rich.,CUP2,CUPASC,M
Sapindaceae,Cupania,seemannii,Seem.,CUPS,CUPASY,NA
Sapindaceae,Cupania,sp.1,NA,NA,CUPA1,NA
Sapindaceae,Cupania,sp.2,NA,NA,CUPA2,NA
Sapindaceae,Cupania,sp.3,NA,NA,CUPA3,NA
Sapindaceae,Cupania,sp.5,NA,NA,CUPA5,NA
Dilleniaceae,Curatella,americana,,,CURAAM,U
Cyatheaceae,Cyathea,multiflora,,,CYATMU,NA
Cyatheaceae,Cyathea,petiolata,(Hook.) R.M. Tryon,CNEP,CNEMPE,S helecho
Myrsinaceae,Cybianthus,schlimii,,,CYBISC,NA
Myrsinaceae,Cybianthus,sp.1,NA,NA,CYBI1,NA
Bignoniaceae,Cydista,aequinoctialis,Seibert,CYDA,CYDIAE,LIANA
Bignoniaceae,Cydista,heterophylla,Seibert,CYDH,CYDIHE,LIANA
Annonaceae,Cymbopetalum,lanugipetalum,Schery,CYML,CYM1LA,S
Annonaceae,Cymbopetalum,torulosum,,,CYM1TO,NA
Fabaceae:faboid.,Cymbosema,roseum,(Benth.) N. Zamora,CYMR,CYMBRO,VINE
Fabaceae:Caesal.,Cynometra,bauhiniifolia,Benth.,CYNB,CYNOBA,T
Cyrillaceae,Cyrilla,racemiflora,,,CYRIRA,NA
Fabaceae,Dalbergia,monetaria,L. f.,DALM,DALBMO,LIANA
Fabaceae:Papil.,Dalbergia,retusa,Hemsl.,DALR,DALBRE,T
Euphorbiaceae,Dalechampia,dioscoreifolia,Poepp.,DALD,DALEDI,VINE
Thymelaeaceae,Daphnopsis,americana,,,DAPHAM,M
Thymelaeaceae,Daphnopsis,correae,,,DAPHCO,NA
Dilleniaceae,Davilla,nitida,(Vahl) Kubitzki,DAVN,DAVINI,LIANA
Fabaceae:Caesal.,Delonix,regia,NA,NA,DELORE,NA
Araliaceae,Dendropanax,arboreus,(L.) Decne. & Planch.,DENA,DENDAR,T
Araliaceae,Dendropanax,globosus,,,DENDGL,NA
Araliaceae,Dendropanax,punctatus,,,DENDPU,NA
Araliaceae,Dendropanax,sessiliflorus,,,DENDSE,NA
Fabaceae-Papilionoideae,Desmodium,axillare,(SW.)DC.,DESA,DESMAX,VINE
Arecaceae,Desmoncus,orthacanthos,Mart.,DESI,DES1OR,LIANA
Annonaceae,Desmopsis,bibracteata,,,DESMBI,NA
Annonaceae,Desmopsis,maxonii,,,DESMMA,NA
Annonaceae,Desmopsis,panamensis,(B.L. Rob.) Saff.,DESP,DES2PA,U
Fabaceae:Caesal.,Dialium,guianense,(Aubl.) Sandwith,DIAG,DIALGU,T
Dichapetalaceae,Dichapetalum,axillare,,,DICHAX,U
Sapindaceae,Dilodendron,costaricense,,,DILOCO,NA
Fabaceae,Dioclea,guianensis,Benth.,DIOG,DIOCGU,LIANA
Fabaceae,Dioclea,reflexa,Hook. f.,DIOR,DIOCRE,LIANA
Fabaceae:Papil.,Dioclea,sp.1,NA,NA,DIOC1,LIANA
Fabaceae,Dioclea,wilsonii,Standl.,DIOW,DIOCWI,LIANA
Dioscoreaceae,Dioscorea,alata,L.,DIO1,DIO1AL,VINE
Dioscoreaceae,Dioscorea,haenkeana,C. Presl,DIOH,DIO1HA,VINE
Dioscoreaceae,Dioscorea,pilosiuscula,Bertero ex Spreng.,DIOS,DIO1PI,VINE
Dioscoreaceae,Dioscorea,polygonoides,Humb. & Bonpl. ex Willd.,DIOP,DIO1PO,VINE
Dioscoreaceae,Dioscorea,urophylla,Hemsl.,DIOU,DIO1UR,VINE
Ebenaceae,Diospyros,artanthifolia,Mart. ex Miq.,DIO2,DIO2AR,M
Fabaceae:Papil.,Diphysa,americana,,,DIPHRO,NA
Fabaceae:Papil.,Diplotropis,purpurea,,,DIPLPU,NA
Fabaceae:Papil.,Dipteryx,oleifera,Benth.,DIPP,DIPTPA,NA
Icacinaceae,Discophora,guianensis,Miers,DISG,DISCGU,U
Dilleniaceae,Doliocarpus,1,NA,NA,DOLI1,LIANA
Dilleniaceae,Doliocarpus,dentatus,(Aubl.) Standl.,DOLD,DOLIDE,LIANA
Dilleniaceae,Doliocarpus,major,J.F. Gmel.,DOL1,DOLIMA,LIANA
Dilleniaceae,Doliocarpus,multiflorus,Standl.,DOL2,DOLIMU,LIANA
Dilleniaceae,Doliocarpus,olivaceus,Sprague & R.O. Williams ex Standl.,DOLO,DOLIOL,LIANA
Euphorbiaceae,Drypetes,coba,,,DRYP2,NA
Euphorbiaceae,Drypetes,aff.amazonica,,,DRYPAM,NA
Euphorbiaceae,Drypetes,sp.1,NA,NA,DRYP1,NA
Euphorbiaceae,Drypetes,standleyi,G.L. Webster,DRYS,DRYPST,T
Annonaceae,Duguetia,confusa,,,DUGUCO,NA
Fabaceae:Papil.,Dussia,atropurpurea,"N. Zamora, R.T. Penn. & C.H. Stirt.",DUSA,DUSSAT,NA
Fabaceae:Papil.,Dussia,macroprophyllata,,,DUSSMA,NA
Fabaceae:Papil.,Dussia,sp.1,NA,NA,DUSS1,NA
Fabaceae:Papil.,Dussia,sp.2,NA,NA,DUSS2,NA
Fabaceae:Papil.,Dussia,sp.3,NA,NA,DUSS3,NA
Fabaceae:Papil.,Dussia,sp.4,NA,NA,DUSS4,NA
Fabaceae:Papil.,Dussia,sp.5,NA,NA,DUSS5,NA
Fabaceae:Papil.,Dussia,sp.6,NA,NA,DUSS6,NA
Fabaceae:Papil.,Dussia,tessmannii,,,DUSSTE,NA
Clusiaceae,Dystovomita,paniculata,,,DYSTPA,U
Sapotaceae,Ecclinusa,lanceolata,,,ECCLLA,NA
Rubiaceae,Elaeagia,auriculata,,,ELA1AU,U
Rubiaceae,Elaeagia,nitidifolia,,,ELA1NI,U
Arecaceae,Elaeis,oleifera,(Kunth) Cortés ex Prain,ELAO,ELAEOL,U palma
Sapotaceae,Elaeoluma,sp.1,NA,NA,ELA21,NA
Lauraceae,Endlicheria,browniana,,,ENDLBR,NA
Fabaceae,Entada,gigas,DC.,ENTM,ENTAMO,LIANA
Fabaceae,Entadopsis,polystachya,NA,NA,ADE4PO,LIANA
Fabaceae:Mimos.,Enterolobium,cyclocarpum,(Jacq.) Griseb.,ENTC,ENTECY,T
Fabaceae:Mimos.,Enterolobium,schomburgkii,Benth.,ENTS,ENTESC,T
Turneraceae,Erblichia,odorata,,,ERBLOD,NA
Vochysiaceae,Erisma,blancoa,,,ERISBL,T
Fabaceae:Papil.,Erythrina,costaricensis,Micheli,ERYC,ERY1CO,U
Fabaceae:Papil.,Erythrina,fusca,,,ERY1FU,T
Fabaceae:Papil.,Erythrina,poeppigiana,,,ERY1PO,U
Fabaceae:Papil.,Erythrina,rubrinervia,NA,NA,ERY1RU,NA
Erythroxylaceae,Erythroxylum,parita,NA,NA,ERY22,NA
Erythroxylaceae,Erythroxylum,citrifolium,,,ERY2CI,U
Erythroxylaceae,Erythroxylum,macrophyllum,Cav.,ERYM,ERY2MA,M
Erythroxylaceae,Erythroxylum,panamense,Turcz.,ERYP,ERY2PA,U
Lecythidaceae,Eschweilera,aff.angustifolia,,,ESCHAN,NA
Lecythidaceae,Eschweilera,amplexifolia,,,ESCHAM,NA
Lecythidaceae,Eschweilera,calyculata,,,ESCHCA,NA
Lecythidaceae,Eschweilera,jacquelyniae,,,ESCHJA,NA
Lecythidaceae,Eschweilera,panamensis,,,ESCHPA,T
Lecythidaceae,Eschweilera,pittieri,,,ESCHPI,T
Lecythidaceae,Eschweilera,sessilis,,,ESCHSE,NA
Lecythidaceae,Eschweilera,sp.3,NA,NA,ESCH3,NA
Lecythidaceae,Eschweilera,sp.6,NA,NA,ESCH6,NA
Lecythidaceae,Eschweilera,sp.7,NA,NA,ESCH7,NA
Lecythidaceae,Eschweilera,sp.8,NA,NA,ESCH8,NA
Rutaceae,Esenbeckia,panamensis,,,ESENPA,S
Myrtaceae,Eugenia,austin-smithii,,,EUGEAU,NA
Myrtaceae,Eugenia,coloradoensis,Standl.,EUGC,EUGECO,T
Myrtaceae,Eugenia,cricamolensis,,,EUGECR,U
Myrtaceae,Eugenia,galalonensis,(C. Wright ex Griseb.) Krug & Urb.,EUGG,EUGEGA,U
Myrtaceae,Eugenia,nesiotica,Standl.,EUGN,EUGENE,M
Myrtaceae,Eugenia,octopleura,Krug & Urb.,EUG1,EUGEOC,NA
Myrtaceae,Eugenia,oerstediana,O. Berg,EUGO,EUGEOE,M
Myrtaceae,Eugenia,principium,McVaugh,EUGP,EUGEPR,S
Myrtaceae,Eugenia,salamensis,,,EUGESA,M
Myrtaceae,Eugenia,sp.10,NA,NA,EUGE10,NA
Myrtaceae,Eugenia,sp.13,NA,NA,EUGE13,NA
Myrtaceae,Eugenia,sp.16,NA,NA,EUGE16,NA
Myrtaceae,Eugenia,sp.18,NA,NA,EUGE18,NA
Myrtaceae,Eugenia,sp.19,NA,NA,EUGE19,NA
Myrtaceae,Eugenia,sp.20,NA,NA,EUGE20,NA
Myrtaceae,Eugenia,sp.22,NA,NA,EUGE22,NA
Myrtaceae,Eugenia,sp.24,NA,NA,EUGE24,NA
Myrtaceae,Eugenia,sp.26,NA,NA,EUGE26,NA
Myrtaceae,Eugenia,sp.27,NA,NA,EUGE27,NA
Myrtaceae,Eugenia,sp.5,NA,NA,EUGE5,NA
Myrtaceae,Eugenia,sp.6,NA,NA,EUGE6,NA
Myrtaceae,Eugenia,sp.7,NA,NA,EUGE7,NA
Myrtaceae,Eugenia,sp.8,NA,NA,EUGE8,NA
Myrtaceae,Eugenia,sp.9,NA,NA,EUGE9,NA
Myrtaceae,Eugenia,venezuelensis,O. Berg,EUGV,EUGEVE,S
Euphorbiaceae,Euphorbia,elata,,,EUPHEL,S
Arecaceae,Euterpe,precatoria,Mart.,EUTP,EUTEPR,M palma
Rubiaceae,Exostema,mexicanum,,,EXOSME,M
Rubiaceae,Faramea,coba,,,FARA2,NA
Rubiaceae,Faramea,eurycarpa,,,FARAEU,S
Rubiaceae,Faramea,jefensis,,,FARAJE,NA
Rubiaceae,Faramea,luteovirens,Standl.,FARL,FARALU,S
Rubiaceae,Faramea,multiflora,,,FARAMU,S
Rubiaceae,Faramea,occidentalis,(L.) A. Rich.,FARO,FARAOC,U
Rubiaceae,Faramea,papillata,,,FARAP2,NA
Rubiaceae,Faramea,papirifolia,,,FARAP1,S
Rubiaceae,Faramea,parvibractea,,,FARAPA,NA
Rubiaceae,Faramea,sp.1,NA,NA,FARA1,NA
Rubiaceae,Faramea,suerrensis,,,FARASU,S
Rubiaceae,Ferdinandusa,panamensis,,,FERDPA,NA
Cucurbitaceae,Fevillea,cordifolia,L.,FEVC,FEVICO,VINE
Moraceae,Ficus,brevibracteata,,,FICUBR,T
Moraceae,Ficus,bullenei,I.M. Johnst.,FIBU,FICUBU,T
Moraceae,Ficus,citrifolia,Mill.,FICI,FICUCI,T
Moraceae,Ficus,colubrinae,Standl.,FIC1,FICUC1,T
Moraceae,Ficus,costaricana,(Liebm.) Miq.,FIC2,FICUC2,T
Moraceae,Ficus,dugandi,NA,NA,FICUDU,NA
Moraceae,Ficus,insipida,Willd.,FIIN,FICUIN,T
Moraceae,Ficus,maxima,Mill.,FIMA,FICUMA,T
Moraceae,Ficus,nymphaeifolia,Mill.,FINY,FICUNY,H
Moraceae,Ficus,obtusifolia,Kunth,FIOB,FICUOB,T
Moraceae,Ficus,parensis,NA,NA,FICUPA,NA
Moraceae,Ficus,pertusa,L. f.,FIP2,FICUPE,T
Moraceae,Ficus,petenensis,,,FICUP1,T
Moraceae,Ficus,popenoei,Standl.,FIPO,FICUPO,T
Moraceae,Ficus,sp.10,NA,NA,FICU10,NA
Moraceae,Ficus,sp.11,NA,NA,FICU11,NA
Moraceae,Ficus,sp.12,NA,NA,FICU12,NA
Moraceae,Ficus,sp.13,NA,NA,FICU13,NA
Moraceae,Ficus,sp.3,NA,NA,FICU3,NA
Moraceae,Ficus,sp.4,NA,NA,FICU4,NA
Moraceae,Ficus,sp.5,NA,NA,FICU5,NA
Moraceae,Ficus,sp.6,NA,NA,FICU6,NA
Moraceae,Ficus,sp.8,NA,NA,FICU8,NA
Moraceae,Ficus,sp.9,NA,NA,FICU9,NA
Moraceae,Ficus,tonduzii,Standl.,FITO,FICUTO,M
Moraceae,Ficus,trigonata,L.,FITR,FICUTR,T
Moraceae,Ficus,yoponensis,Desv.,FIYO,FICUYO,T
Asclepiadaceae,Fischeria,blepharopetala,S.F. Blake,FISB,FISCBL,VINE
Fabaceae:Papil.,Fissicalyx,fendleri,Benth.,FIS1,FISSFE,M
Flacourtiaceae,Flacourtia,jangomas,NA,NA,FLACJA,NA
Fabaceae:Papil.,Flemingia,strobilifera,,,FLEMST,S
Apocynaceae,Forsteronia,myriantha,Donn. Sm.,FORM,FORSMY,LIANA
Apocynaceae,Forsteronia,peninsularis,Woodson,FORP,FORSPE,LIANA
Apocynaceae,Forsteronia,viridescens,S.F. Blake,FORV,FORSVI,LIANA
Theaceae,Freziera,calophylla,,,FREZCA,NA
Onagraceae,Fuchsia,paniculata,NA,NA,FUCHPA,NA
Rutaceae,Galipea,panamensis,,,GALIPA,NA
Clusiaceae,Garcinia,intermedia,(Pittier) Hammel,RHEE,GAR2IN,M
Clusiaceae,Garcinia,madruno,(Kunth) Hammel,RHEA,GAR2MA,M
Clusiaceae,Garcinia,magnifolia,,,GAR2M1,NA
Clusiaceae,Garcinia,sp.1,NA,NA,GAR21,NA
Rubiaceae,Genipa,americana,L.,GENA,GENIAM,M
Rubiaceae,Genipa,curviflora,,,GENICU,NA
Rubiaceae,Genipa,williamsii,,,GENIWI,NA
Arecaceae,Geonoma,congesta,H. Wendl. ex Spruce,GEC2,GEONCO,S palma
Arecaceae,Geonoma,cuneata,H. Wendl. ex Spruce,GEOC,GEONCU,S palma
Arecaceae,Geonoma,deversa,,,GEONDE,S palma
Arecaceae,Geonoma,interrupta,(Ruiz & Pav.) Mart.,GEOI,GEONIN,U palma
Fabaceae:Papil.,Gliricidia,sepium,,,GLIRSE,M
Violaceae,Gloeospermum,blakeanum,,,GLOEBL,S
Violaceae,Gloeospermum,sphaerocarpum,,,GLOESP,S
Verbenaceae,Gmelina,arborea,,,GMELAR,NA
Gnetaceae,Gnetum,leyboldii,Tul.,GNEL,GNETLE,LIANA
Bignoniaceae,Godmania,aesculifolia,,,GODMAE,M
Rubiaceae,Gonzalagunia,panamensis,,,GONZPA,S
Rubiaceae,Gonzalagunia,rudis,,,GONZRU,S
Rubiaceae,Gonzalagunia,sp.1,NA,NA,GONZ1,NA
Theaceae,Gordonia,brandegeei,,,GORDBR,T
Theaceae,Gordonia,fruticosa,,,LAPLFR,NA
Malvaceae,Gossypium,barbadense,,,GOSSBA,NA
Rhamnaceae,Gouania,adenophera,Pilg.,GOUA,GOUAAD,LIANA
Rhamnaceae,Gouania,colombiana,NA,NA,GOUACO,LIANA
Rhamnaceae,Gouania,lupuloides,(L.) Urb.,GOUL,GOUALU,LIANA
Melastomataceae,Graffenrieda,galeottii,,,GRAFGA,M
Lecythidaceae,Grias,cauliflora,L.,GRIF,GRIACA,U
Nyctaginaceae,Guapira,campochagres,NA,NA,NYC1,NA
Nyctaginaceae,Guapira,costaricana,,,GUAPCO,T
Nyctaginaceae,Guapira,standleyana,Woodson,GUAS,GUAPST,T
Meliaceae,Guarea,arbusto,,,GUAR9,S
Meliaceae,Guarea,sherman,,,GUAR2,T
Meliaceae,Guarea,bullata,C. DC.,GUA3,GUARSP,NA
Meliaceae,Guarea,glabra,,,GUARGL,M
Meliaceae,Guarea,grandifolia,C. DC.,GUA1,GUARGR,T
Meliaceae,Guarea,guidonia,(L.) Sleumer,GUA2,GUARGU,M
Meliaceae,Guarea,kunthiana,A. Juss.,GUAK,GUARKU,M
Meliaceae,Guarea,macropetala,,,GUARMA,NA
Meliaceae,Guarea,pterorhachis,,,GUARPT,M
Meliaceae,Guarea,rhopalocarpa,,,GUARRH,NA
Meliaceae,Guarea,sp.1,NA,NA,GUAR1,NA
Meliaceae,Guarea,sp.4,NA,NA,GUAR4,NA
Meliaceae,Guarea,sp.6,NA,NA,GUAR6,NA
Meliaceae,Guarea,sp.8,NA,NA,GUAR8,NA
Meliaceae,Guarea,ternifoliola,NA,NA,GUARTE,NA
Annonaceae,Guatteria,flor_roja,,,GUAT3,NA
Annonaceae,Guatteria,aberrans,NA,NA,GUATAB,NA
Annonaceae,Guatteria,alata,,,GUATA1,NA
Annonaceae,Guatteria,allenii,,,GUATAL,NA
Annonaceae,Guatteria,amplifolia,Triana & Planch.,GUAA,GUATAM,U
Annonaceae,Guatteria,diospyroides,,,GUATIN,NA
Annonaceae,Guatteria,dolichopoda,,,GUATDO,NA
Annonaceae,Guatteria,dumetorum,R.E. Fr.,GUAD,GUATDU,T
Annonaceae,Guatteria,jefensis,,,GUATJE,NA
Annonaceae,Guatteria,recurvisepala,,,GUATRE,NA
Annonaceae,Guatteria,sessilicarpa,,,GUATSE,U
Annonaceae,Guatteria,sp.5,NA,NA,GUAT5,NA
Annonaceae,Guatteria,sp.7,NA,NA,GUAT7,NA
Sterculiaceae,Guazuma,ulmifolia,Lam.,GUAU,GUAZUL,T
Rubiaceae,Guettarda,crispiflora,,,GUETCR,M
Rubiaceae,Guettarda,foliacea,Standl.,GUEF,GUETFO,U
Rubiaceae,Guettarda,odorata,,,GUETOD,NA
Rubiaceae,Guettarda,ramuliflora,,,GUETRA,NA
Cucurbitaceae,Gurania,coccinea,Cogn.,GURC,GURACO,VINE
Cucurbitaceae,Gurania,makoyana,(Lem.) Cogn.,GUR1,GURAMA,VINE
Cucurbitaceae,Gurania,tubulosa,Cogn.,GUR2,GURATU,VINE
Lecythidaceae,Gustavia,dubia,,,GUSTDU,U
Lecythidaceae,Gustavia,fosteri,S.A. Mori,GUSF,GUSTFO,U
Lecythidaceae,Gustavia,grandibracteata,NA,NA,GUSTGR,NA
Lecythidaceae,Gustavia,hexapetala,,,GUSTHE,NA
Lecythidaceae,Gustavia,nana,,,GUSTNA,S
Lecythidaceae,Gustavia,sp.1,NA,NA,GUST1,NA
Lecythidaceae,Gustavia,superba,(Kunth) O. Berg,GUSS,GUSTSU,M
Bombacaceae,Gyranthera,darienensis,,,GYRADA,M
Hernandiaceae,Gyrocarpus,americanus,NA,NA,GYROAM,NA
Rubiaceae,Hamelia,axillaris,Sw.,HAM1,HAMEAX,S
Rubiaceae,Hamelia,macrantha,,,HAMEMA,NA
Rubiaceae,Hamelia,patens,Jacq.,HAMP,HAMEPA,S
Malvaceae,Hampea,appendiculata,(Donn. Sm.) Standl.,HAM2,HAMPAP,M
Malvaceae,Hampea,micrantha,,,HAMPMI,S
Flacourtiaceae,Hasseltia,floribunda,Kunth,HASF,HASSFL,M
Chloranthaceae,Hedyosmum,bonplandianum,,,HEDYBO,U
Chloranthaceae,Hedyosmum,costaricense,,,HEDYCO,NA
Chloranthaceae,Hedyosmum,mexicanum,NA,NA,HEDYME,NA
Chloranthaceae,Hedyosmum,scaberrimum,,,HEDYSC,U
Olacaceae,Heisteria,acuminata,(Humb. & Bonpl.) Engl.,HEIA,HEISAC,U
Olacaceae,Heisteria,concinna,Standl.,HEIC,HEISCO,M
Olacaceae,Heisteria,costaricensis,,,HEISC1,NA
Olacaceae,Heisteria,macrophylla,,,HEISMA,NA
Moraceae,Helicostylis,tovarensis,,,HEL1TO,NA
Sterculiaceae,Helicteres,guazumifolia,,,HEL2GU,S
Tiliaceae,Heliocarpus,americanus,L.,HELP,HELIAM,T
Melastomataceae,Henriettea,succosa,,,HENRSU,U
Melastomataceae,Henriettella,fascicularis,,,HENRFA,M
Melastomataceae,Henriettella,trachyphylla,,,HENRTR,NA
Melastomataceae,Henriettella,tuberculosa,,,HENRTU,NA
Hernandiaceae,Hernandia,didymantha,,,HERNDI,T
Hernandiaceae,Hernandia,stenura,,,HERNST,T
Acanthaceae,Herpetacanthus,panamensis,Leonard,HEPA,HERPPA,NA
Sterculiaceae,Herrania,nycterodendron,,,HERRNY,NA
Sterculiaceae,Herrania,purpurea,(Pittier) R.E. Schult.,HERP,HERRPU,S
Asteraceae,Heterocondylus,vitalbae,NA,NA,HET1VI,LIANA
Malpighiaceae,Heteropteris,laurifolia,(L.) A. Juss.,HETL,HETELA,LIANA
Malpighiaceae,Heteropteris,panamense,Cuatrec. & Croat,HETP,HETEPA,LIANA
Euphorbiaceae,Hevea,brasiliensis,,,HEVEBR,T
Euphorbiaceae,Hieronyma,alchorneoides,Allemão,HYEL,HYERAL,NA
Euphorbiaceae,Hieronyma,oblonga,,,HYEROB,NA
Hippocrateaceae,Hippocratea,volubilis,L.,HIPV,HIPPVO,LIANA
Euphorbiaceae,Hippomane,mancinella,,,HIPPMA,NA
Malpighiaceae,Hiraea,fagifolia,NA,NA,HIRAF1,LIANA
Malpighiaceae,Hiraea,faginea,(Sw.) Nied.,HIRF,HIRAFA,LIANA
Malpighiaceae,Hiraea,grandifolia,Standl. & L.O. Williams,HIRG,HIRAGR,VINE
Malpighiaceae,Hiraea,reclinata,Jacq.,HIR1,HIRARE,LIANA
Malpighiaceae,Hiraea,smilacina,Standl.,HIRQ,HIRAQU,LIANA
Chrysobalanaceae,Hirtella,americana,L.,HIRA,HIRTAM,T
Chrysobalanaceae,Hirtella,guatemalensis,,,HIRTGU,M
Chrysobalanaceae,Hirtella,latifolia,,,HIRTLA,M
Chrysobalanaceae,Hirtella,racemosa,Lam.,HIR2,HIRTRA,S
Chrysobalanaceae,Hirtella,sp.5,NA,NA,HIRT5,NA
Chrysobalanaceae,Hirtella,triandra,Sw.,HIRT,HIRTTR,M
Chrysobalanaceae,Hirtella,tubiflora,,,HIRTTU,NA
Flacourtiaceae,Homalium,racemosum,,,HOMARA,NA
Rutaceae,Hortia,colombiana,,,HORTCO,T
Humiriaceae,Humiriastrum,diguense,(Cuatrec.) Cuatrec.,HUMD,HUMIDI,T
Euphorbiaceae,Hura,crepitans,L.,HURC,HURACR,T
Violaceae,Hybanthus,attenuatus,,,HYBAAT,NA
Violaceae,Hybanthus,denticulatus,,,HYBADE,S
Violaceae,Hybanthus,prunifolius,(Humb. & Bonpl. ex Roem. & Schult.) Schulze-Menz,HYBP,HYBAPR,S
Hippocrateaceae,Hylenaea,praecelsa,(Miers) A.C. Sm.,HYLP,HYLEPR,LIANA
Fabaceae:Caesal.,Hymenaea,courbaril,L.,HYMC,HYMECO,T
Fabaceae:Papil.,Hymenolobium,mesoamericanum,,,HYM1ME,T
Menispermaceae,Hyperbaena,tonduzii,,,HYPETO,NA
Aquifoliaceae,Ilex,guianensis,,,ILEXGU,NA
Fabaceae:Mimos.,Inga,acrocephala,,,INGAAC,NA
Fabaceae:Mimos.,Inga,acuminata,Benth.,INA1,INGAS1,U
Fabaceae:Mimos.,Inga,aff.stenophylla,,,INGAST,NA
Fabaceae:Mimos.,Inga,alba,,,INGAAL,NA
Fabaceae:Mimos.,Inga,bella,,,INGABE,NA
Fabaceae:Mimos.,Inga,capitata,,,INGACA,NA
Fabaceae:Mimos.,Inga,chocoensis,,,INGACH,NA
Fabaceae:Mimos.,Inga,ciliata_ss:ciliata,,,INGACI,NA
Fabaceae:Mimos.,Inga,ciliata_ss:subcapitata,,,INGAC1,NA
Fabaceae:Mimos.,Inga,cocleensis,Pittier,INAC,INGACO,M
Fabaceae:Mimos.,Inga,coruscans,NA,NA,INGAC2,NA
Fabaceae:Mimos.,Inga,dwyeri,,,INGADW,U
Fabaceae:Mimos.,Inga,edulis,,,INGAED,NA
Fabaceae:Mimos.,Inga,filiformis,,,INGAFI,U
Fabaceae:Mimos.,Inga,goldmanii,Pittier,INGO,INGAGO,T
Fabaceae:Mimos.,Inga,jefensis,,,INGAJE,NA
Fabaceae:Mimos.,Inga,laurina,G. Don,INFA,INGAFA,T
Fabaceae:Mimos.,Inga,leiocalycina,,,INGALE,NA
Fabaceae:Mimos.,Inga,marginata,Willd.,INMA,INGAMA,T
Fabaceae:Mimos.,Inga,mortoniana,NA,NA,INGAMO,NA
Fabaceae:Mimos.,Inga,mucuna,Walp. & Duchass.,INM1,INGAM1,T
Fabaceae:Mimos.,Inga,multijuga,Benth.,INM2,INGAM2,T
Fabaceae:Mimos.,Inga,nobilis,Willd.,INQU,INGAQU,M
Fabaceae:Mimos.,Inga,oerstediana,Benth.,INMI,INGAMI,T
Fabaceae:Mimos.,Inga,pauciflora,Walp. & Duchass.,INPA,INGAPA,T
Fabaceae:Mimos.,Inga,pezizifera,Benth.,INPE,INGAPE,T
Fabaceae:Mimos.,Inga,polita,,,INGAP1,NA
Fabaceae:Mimos.,Inga,portobellensis,,,INGAPO,NA
Fabaceae:Mimos.,Inga,punctata,Willd.,INPU,INGAPU,T
Fabaceae:Mimos.,Inga,ruiziana,G. Don,INRU,INGARU,T
Fabaceae:Mimos.,Inga,sapindoides,Willd.,INSA,INGASA,M
Fabaceae:Mimos.,Inga,sertulifera,DC.,ING6,INGASE,U
Fabaceae:Mimos.,Inga,sierrae,,,INGASI,NA
Fabaceae:Mimos.,Inga,sp.11,NA,NA,INGA11,NA
Fabaceae:Mimos.,Inga,sp.15,NA,NA,INGA15,NA
Fabaceae:Mimos.,Inga,sp.18,NA,NA,INGA18,NA
Fabaceae:Mimos.,Inga,sp.24,NA,NA,INGA24,NA
Fabaceae:Mimos.,Inga,sp.31,NA,NA,INGA31,NA
Fabaceae:Mimos.,Inga,sp.32,NA,NA,INGA32,NA
Fabaceae:Mimos.,Inga,sp.34(hoja_peque±a),,,INGA34,NA
Fabaceae:Mimos.,Inga,sp.6,NA,NA,INGA6,NA
Fabaceae:Mimos.,Inga,sp.7,NA,NA,INGA7,NA
Fabaceae:Mimos.,Inga,sp.8,NA,NA,INGA8,NA
Fabaceae:Mimos.,Inga,spectabilis,(Vahl) Willd.,INSP,INGASP,T
Fabaceae:Mimos.,Inga,thibaudiana,DC.,INTH,INGATH,M
Fabaceae:Mimos.,Inga,umbellifera,(Vahl) Steud.,INUM,INGAUM,M
Fabaceae:Mimos.,Inga,urceolata,,,INGAUR,NA
Fabaceae:Mimos.,Inga,venusta,,,INGAV1,NA
Fabaceae:Mimos.,Inga,vera,Willd.,INVE,INGAVE,M
Convolvulaceae,Ipomoea,phillomega,(Vell.) House,IPOP,IPOMPH,LIANA
Convolvulaceae,Ipomoea,squamosa,Choisy,IPOS,IPOMSQ,VINE
Convolvulaceae,Ipomoea,tiliacea,(Willd.) Choisy,IPOT,IPOMTI,VINE
Arecaceae,Iriartea,deltoidea,,,IRIADE,M
Myristicaceae,Iryanthera,juruensis,,,IRYAJU,NA
Myristicaceae,Iryanthera,megistocarpa,,,IRYAME,NA
Convolvulaceae,Iseia,luxurians,(Moric.) ODonell,ISEL,ISEILU,LIANA
Rubiaceae,Isertia,haenkeana,DC.,ISEH,ISERHA,S
Rubiaceae,Isertia,laevis,,,ISERLA,U
Rubiaceae,Ixora,floribunda,,,IXORFL,U
Bignoniaceae,Jacaranda,caucana,Pittier,JAC1,JAC1CA,M
Bignoniaceae,Jacaranda,copaia,(Aubl.) D. Don,JACC,JAC1CO,T
Caricaceae,Jacaratia,costaricensis,,,JAC2CO,NA
Caricaceae,Jacaratia,dolichaula,,,JAC2DO,NA
Caricaceae,Jacaratia,spinosa,(Aubl.) A. DC.,JACS,JAC2SP,T
Theophrastaceae,Jacquinia,macrocarpa,,,JACQMA,NA
Euphorbiaceae,Jatropha,curcas,,,JATRCU,NA
Euphorbiaceae,Jatropha,gossypiifolia,,,JATRGO,NA
Rubiaceae,Joosia,umbellifera,,,JOOSUM,NA
Acanthaceae,Justicia,graciliflora,(Standl.) D.N. Gibson,JUSG,JUSTGR,VINE
Bignoniaceae,Kigelia,africana,,,KIGEAF,NA
Annonaceae,Klarobelia,anomala,,,CREMAN,NA
Asteraceae,Koanophyllon,wetmorei,(B.L. Rob.) R.M. King & H. Rob.,KOAW,KOANWE,S
Flacourtiaceae,Lacistema,aggregatum,(P.J. Bergius) Rusby,LACA,LACIAG,U
Apocynaceae,Lacmellea,panamensis,(Woodson) Markgr.,LACP,LACMPA,M
Apocynaceae,Lacmellea,speciosa,,,LACMSP,M
Rubiaceae,Ladenbergia,brenesii,,,LADEBR,M
Rubiaceae,Ladenbergia,macrocarpa,,,LADEMA,M
Flacourtiaceae,Laetia,procera,(Poepp.) Eichler,LAEP,LAETPR,T
Flacourtiaceae,Laetia,thamnia,L.,LAET,LAETTH,U
Lythraceae,Lafoensia,punicifolia,DC.,LAFP,LAFOPU,T
Lythraceae,Lagerstroemia,speciosa,,,LAGESP,M
Combretaceae,Laguncularia,racemosa,,,LAGURA,T
Verbenaceae,Lantana,camara,L.,LANC,LANTCA,S
Apocynaceae,Laxoplumeria,tessmannii,,,LAXOTE,NA
Melastomataceae,Leandra,roja,,,LEAN1,S
Melastomataceae,Leandra,dichotoma,(D. Don) Cogn.,LEAD,LEANDI,S
Melastomataceae,Leandra,granatensis,,,LEANGR,S
Fabaceae:Papil.,Lecointea,aff.amazonica,,,LECOAM,NA
Lecythidaceae,Lecythis,ampla,,,LECYAM,T
Fabaceae:Papil.,Lennea,viridiflora,,,LENNVI,M
Violaceae,Leonia,glycycarpa,,,LEONGL,M
Chrysobalanaceae,Licania,coba,,,LICA4,NA
Chrysobalanaceae,Licania,affinis,,,LICAAF,T
Chrysobalanaceae,Licania,arborea,,,LICAAR,T
Chrysobalanaceae,Licania,cruegeriana,,,LICACR,T
Chrysobalanaceae,Licania,fasciculata,,,LICAFA,T
Chrysobalanaceae,Licania,hypoleuca,Benth.,LICH,LICAHY,M
Chrysobalanaceae,Licania,kallunkii,,,LICAKA,NA
Chrysobalanaceae,Licania,longistyla,,,LICALO,NA
Chrysobalanaceae,Licania,macrocarpa,,,LICAMA,T
Chrysobalanaceae,Licania,morii,,,LICAMO,T
Chrysobalanaceae,Licania,platypus,(Hemsl.) Fritsch,LICP,LICAPL,T
Chrysobalanaceae,Licania,sp.1,NA,NA,LICA1,NA
Chrysobalanaceae,Licania,sp.3,NA,NA,LICA3,NA
Lauraceae,Licaria,arco_seco,NA,NA,LIC13,NA
Lauraceae,Licaria,excelsa,,,LIC1EX,NA
Lauraceae,Licaria,guianensis,,,LIC1GU,NA
Lauraceae,Licaria,misantlae,,,LIC1MI,NA
Lauraceae,Licaria,sp.2,NA,NA,LIC12,NA
Flacourtiaceae,Lindackeria,laurina,C. Presl,LINL,LINDLA,M
Fabaceae:Papil.,Lonchocarpus,atropurpureus,,,LONCAT,NA
Fabaceae:Papil.,Lonchocarpus,ferruginea,NA,NA,LONCFE,NA
Fabaceae:Papil.,Lonchocarpus,heptaphyllus,(Poir.) DC.,LONL,LONCLA,NA
Fabaceae:Papil.,Lonchocarpus,minimiflorus,NA,NA,LONCMI,NA
Fabaceae:Papil.,Lonchocarpus,oliganthus,,,LONCOL,NA
Fabaceae:Papil.,Lonchocarpus,sericeus,,,LONCSE,NA
Fabaceae:Papil.,Lonchocarpus,velutinus,,,LONCVE,T
Lacistemataceae,Lozania,mutisiana,NA,NA,LOZAMU,NA
Lacistemataceae,Lozania,pittieri,(S.F. Blake) L.B. Sm.,LOZP,LOZAPI,U
Tiliaceae,Luehea,candida,NA,NA,LUEHCA,NA
Tiliaceae,Luehea,seemannii,Triana & Planch.,LUE1,LUEHSE,T
Tiliaceae,Luehea,speciosa,Willd.,LUE2,LUEHSP,T
Flacourtiaceae,Lunania,mexicana,,,LUNAPI,NA
Flacourtiaceae,Lunania,parviflora,,,LUNAPA,NA
Solanaceae,Lycianthes,maxonii,Standl.,LYCM,LYCIMA,S
Euphorbiaceae,Mabea,occidentalis,Benth.,MABO,MABEOC,U
Bignoniaceae,Macfadyena,unguis-cati,(L.) A.H. Gentry,MACU,MACFUN,LIANA
Fabaceae:Papil.,Machaerium,biovulatum,,,MACHBI,U
Fabaceae,Machaerium,floribundum,Benth.,MACF,MACHFL,LIANA
Fabaceae,Machaerium,isadelphum,(E. Mey.) Amshoff,MAC1,MACHM1,LIANA
Fabaceae,Machaerium,kegelii,Meisn.,MACK,MACHKE,LIANA
Fabaceae,Machaerium,milleflorum,Pittier,MAC2,MACHM2,VINE
Fabaceae,Machaerium,pittieri,(Jacq.) Benth.,MACA,MACHAR,LIANA
Fabaceae,Machaerium,riparium,Brandegee,MACR,MACHRI,LIANA
Fabaceae,Machaerium,seemanii,Benth. ex Seem.,MACS,MACHSE,LIANA
Moraceae,Maclura,tinctoria,(L.) D. Don. ex Steud.,CHLT,MACLTI,NA
Apocynaceae,Macoubea,mesoamericana,,,MACOSP,NA
Rubiaceae,Macrocnemum,roseum,(Ruiz & Pav.) Wedd.,MACG,MACRGL,M
Fabaceae:Caesal.,Macrolobium,costaricense,,,MAC1CO,NA
Fabaceae:Caesal.,Macrolobium,pittieri,,,MAC1PI,U
Magnoliaceae,Magnolia,sororum,NA,NA,MAGNSO,NA
Annonaceae,Malmea,dimera,,,MALMDI,U
Apocynaceae,Malouetia,guatemalensis,(Müll. Arg.) Standl.,MALG,MALOGU,U
Malpighiaceae,Malpighia,albiflora,,,MALPAL,S
Malpighiaceae,Malpighia,glabra,NA,NA,MALPGL,NA
Malpighiaceae,Malpighia,romeroana,Cuatrec.,MALR,MALPRO,S
Clusiaceae,Mammea,immansueta,,,MAMMIM,M
Apocynaceae,Mandevilla,subsagittata,NA,NA,MANDSU,LIANA
Apocynaceae,Mandevilla,villosa,(Miers) Woodson,MANV,MANDVI,VINE
Anacardiaceae,Mangifera,indica,L.,MANI,MANGIN,M
Euphorbiaceae,Manihot,esculenta,,,MAN1ES,NA
Sapotaceae,Manilkara,bidentata,(A. DC.) A. Chev.,MANB,MANIBI,T
Sapotaceae,Manilkara,chicle,NA,NA,MANICH,NA
Sapotaceae,Manilkara,sp.1,NA,NA,MANI1,NA
Sapotaceae,Manilkara,sp.2,NA,NA,MANI2,NA
Sapotaceae,Manilkara,zapota,,,MANIZA,T
Bignoniaceae,Mansoa,kerere,(Aubl.) A.H. Gentry,PACK,MANSKE,LIANA
Bignoniaceae,Mansoa,verrucifera,(Schltdl.) A.H. Gentry,ONOV,MANSVE,LIANA
Euphorbiaceae,Maprounea,guianensis,,,MAPRGU,T
Moraceae,Maquira,guianensis,Aubl.,MAQC,MAQUCO,M
Chrysobalanaceae,Maranthes,panamensis,(Standl.) Prance & F. White,MAR3,MARAPA,T
Marcgraviaceae,Marcgravia,nepenthoides,Seem.,MAR1,MARCNE,LIANA
Euphorbiaceae,Margaritaria,nobilis,L. f.,MAR2,MARGNO,U
Clusiaceae,Marila,domingensis,,,MAR1DO,M
Clusiaceae,Marila,lactogena,,,MAR1L1,M
Clusiaceae,Marila,laxiflora,Rusby,MARL,MAR1LA,M
Clusiaceae,Marila,pluricostata,,,MAR1PL,M
Clusiaceae,Marila,sp.1,NA,NA,MAR11,NA
Clusiaceae,Marila,sp.3,NA,NA,MAR13,NA
Convolvulaceae,Maripa,panamensis,Hemsl.,MARP,MAR2PA,LIANA
Solanaceae,Markea,ulei,NA,NA,MARKUL,LIANA
Asclepiadaceae,Marsdenia,crassipes,Hemsl.,MARC,MARSCR,LIANA
Bignoniaceae,Martinella,obovata,(Kunth) Bureau & K. Schum.,MARO,MARTOB,LIANA
Malpighiaceae,Mascagnia,hiraea,(Gaertn.) Fawc. & Rendle,MASH,MASCHI,LIANA
Malpighiaceae,Mascagnia,ovatifolia,(Kunth) Griseb.,MASN,MASCNE,LIANA
Malpighiaceae,Mascagnia,sp. 1,NA,NA,MASC1,LIANA
Sapindaceae,Matayba,apetala,(Macfad.) Radlk.,MATA,MATAAP,M
Sapindaceae,Matayba,glaberrima,,,MATAGL,U
Sapindaceae,Matayba,scrobiculata,(Kunth) Radlk.,MATS,MATASC,M
Sapindaceae,Matayba,sp.1,NA,NA,MATA1,NA
Bombacaceae,Matisia,aff.idroboi,,,MATIID,NA
Bombacaceae,Matisia,bracteolosa,,,MATIBR,NA
Bombacaceae,Matisia,cordata,,,MATICO,NA
Bombacaceae,Matisia,exalata,,,MATIEX,NA
Bombacaceae,Matisia,jefensis,,,MATIJE,NA
Bombacaceae,Matisia,obliquifolia,,,QUAROB,M
Bombacaceae,Matisia,ochrocalyx,NA,NA,MATIOC,NA
Bombacaceae,Matisia,sanblasensis,,,MATISA,T
Flacourtiaceae,Mayna,grandifolia,,,MAYNGR,U
Flacourtiaceae,Mayna,odorata,,,MAYNOD,U
Celastraceae,Maytenus,schippii,Lundell,MAYS,MAYTSC,M
Celastraceae,Maytenus,sp.1,NA,NA,MAYT1,NA
Sapindaceae,Melicoccus,bijugatus,,,MEL2BI,NA
Sabiaceae,Meliosma,grandifolia,,,MELIG1,NA
Sabiaceae,Meliosma,glabrata,,,MELIGL,NA
Sabiaceae,Meliosma,grandiflora,,,MELIGR,NA
Sabiaceae,Meliosma,idiopoda,,,MELIID,NA
Sabiaceae,Meliosma,linearifolia,,,MELILI,NA
Sabiaceae,Meliosma,occidentalis,,,MELIOC,NA
Acanthaceae,Mendoncia,gracilis,Turrill,MENG,MENDGR,VINE
Acanthaceae,Mendoncia,litoralis,Leonard,MENL,MENDLI,VINE
Apocynaceae,Mesechites,trifida,(Jacq.) Müll. Arg.,MEST,MESETR,LIANA
Asclepiadaceae,Metalepis,peraffinis,(Woodson) Morillo,CYNC,CYNACU,VINE
Melastomataceae,Miconia,affinis,DC.,MIC1,MICOAF,U
Melastomataceae,Miconia,argentea,(Sw.) DC.,MIC2,MICOAR,M
Melastomataceae,Miconia,centronioides,,,MICOCE,NA
Melastomataceae,Miconia,centrosperma,,,MICOC1,NA
Melastomataceae,Miconia,chrysophylla,,,MICOCH,U
Melastomataceae,Miconia,crocata,,,MICOCR,NA
Melastomataceae,Miconia,dodecandra,,,MICOD1,NA
Melastomataceae,Miconia,donaeana,,,MICOD2,NA
Melastomataceae,Miconia,dorsiloba,Gleason,MICD,MICODO,S
Melastomataceae,Miconia,elata,(Sw.) DC.,MICE,MICOEL,U
Melastomataceae,Miconia,hondurensis,Donn. Sm.,MICH,MICOHO,U
Melastomataceae,Miconia,impetiolaris,(Sw.) D. Don ex DC.,MICI,MICOIM,U
Melastomataceae,Miconia,lacera,(Bonpl.) Naudin,MIC3,MICOLA,NA
Melastomataceae,Miconia,ligulata,Almeda,MIC8,MICOLI,S
Melastomataceae,Miconia,minutiflora,(Bonpl.) DC.,MICB,MICOBO,M
Melastomataceae,Miconia,multispicata,,,MICOMU,NA
Melastomataceae,Miconia,nervosa,(Sm.) Triana,MICN,MICONE,S
Melastomataceae,Miconia,oinochrophylla,,,MICOOI,NA
Melastomataceae,Miconia,pileata,,,MICOPI,NA
Melastomataceae,Miconia,poeppigii,,,MICOPO,T
Melastomataceae,Miconia,prasina,(Sw.) DC.,MICP,MICOPR,U
Melastomataceae,Miconia,punctata,,,MICOPU,NA
Melastomataceae,Miconia,reducens,,,MICORE,NA
Melastomataceae,Miconia,rubiginosa,,,MICORU,NA
Melastomataceae,Miconia,serrulata,(DC.) Naudin,MIC6,MICOSE,U
Melastomataceae,Miconia,simplex,Triana,MIC9,MICOSI,S
Melastomataceae,Miconia,sp.10,NA,NA,MICO10,NA
Melastomataceae,Miconia,sp.14,NA,NA,MICO14,NA
Melastomataceae,Miconia,sp.3,NA,NA,MICO3,NA
Melastomataceae,Miconia,sp.5,NA,NA,MICO5,NA
Melastomataceae,Miconia,sp.9,NA,NA,MICO9,NA
Melastomataceae,Miconia,stenostachya,,,MICOST,NA
Melastomataceae,Miconia,trinervia,,,MICOTR,M
Melastomataceae,Miconia,umbriensis,,,MICOUM,NA
Sapotaceae,Micropholis,guyanensis,,,MICRGU,T
Sapotaceae,Micropholis,melinoniana,,,MICRME,T
Sapotaceae,Micropholis,venulosa,,,MICRVE,NA
Asteraceae,Mikania,guaco,NA,NA,MIKAGU,LIANA
Asteraceae,Mikania,hookeriana,NA,NA,MIKAHO,LIANA
Asteraceae,Mikania,leiostachya,Benth.,MIKL,MIKALE,VINE
Asteraceae,Mikania,micrantha,NA,NA,MIKAMI,LIANA
Asteraceae,Mikania,tonduzii,B.L. Rob.,MIKT,MIKATO,VINE
Fabaceae:Mimos.,Mimosa,tenuiflora,,,MIMOTE,NA
Sapotaceae,Mimusops,elengi,,,MIMUEL,M
Olacaceae,Minquartia,guianensis,,,MINQGU,T
Monimiaceae,Mollinedia,darienensis,Standl.,MOLD,MOLLDA,U
Monimiaceae,Mollinedia,pinchotiana,,,MOLLPI,U
Cucurbitaceae,Momordica,charantia,NA,NA,MOMOCH,LIANA
Myricaceae,Morella,cerifera,,,MYR1ME,NA
Rubiaceae,Morinda,citrifolia,,,MORICI,NA
Rubiaceae,Morinda,panamensis,,,MORIPA,NA
Capparaceae,Morisonia,americana,,,MOR1AM,NA
Tiliaceae,Mortoniodendron,anisophyllum,(Standl.) Standl. & Steyerm.,MORA,MORTAN,U
Tiliaceae,Mortoniodendron,sp.1,NA,NA,MORT1,NA
Annonaceae,Mosannona,garwoodii,Chatrou & Welzenis,CRES,MALMSP,M
Anacardiaceae,Mosquitoxylum,jamaicense,Krug & Urb.,MOSJ,MOSQJA,T
Melastomataceae,Mouriri,coba,,,MOUR1,NA
Melastomataceae,Mouriri,aff.exilis,,,MOUREX,NA
Melastomataceae,Mouriri,gleasoniana,,,MOURGL,NA
Melastomataceae,Mouriri,myrtilloides,(Sw.) Poir.,MOUM,MOURMY,S
Melastomataceae,Mouriri,panamensis,,,MOURPA,U
Fabaceae:faboid.,Mucuna,mutisiana,(Kunth) DC.,MUCM,MUCUMU,VINE
Fabaceae,Mucuna,rostrata,NA,NA,MUCURO,LIANA
Tiliaceae,Muntingia,calabura,L.,MUNC,MUNTCA,U
Myrtaceae,Myrcia,coumeta,,,MYRCCO,NA
Myrtaceae,Myrcia,fosteri,Croat,MYR1,MYRCFO,U
Myrtaceae,Myrcia,gatunensis,Standl.,MYRG,MYRCGA,U
Myrtaceae,Myrcia,sp.3,NA,NA,MYRC3,NA
Myrtaceae,Myrcia,sp.4,NA,NA,MYRC4,NA
Myrtaceae,Myrcia,sp.5,NA,NA,MYRC5,NA
Myrtaceae,Myrcia,sp.6,NA,NA,MYRC6,NA
Myrtaceae,Myrciaria,floribunda,(H. West ex Willd.) O. Berg,MYRF,MYR2FL,NA
Myrtaceae,Myrciaria,sp.1,NA,NA,MYR21,NA
Myrtaceae,Myrciaria,sp.2,NA,NA,MYR22,NA
Urticaceae,Myriocarpa,longipes,Liebm.,MYRY,MYRILO,U
Fabaceae:Papil.,Myrospermum,frutescens,Jacq.,MYR2,MYROFR,LIANA
Fabaceae:Papil.,Myroxylum,balsamum,,,MYR3BA,NA
Myrsinaceae,Myrsine,coriacea,,,MYRSCO,NA
Myrsinaceae,Myrsine,cubana,,,MYRSCU,NA
Myrsinaceae,Myrsine,sp.1,NA,NA,MYRS1,NA
Moraceae,Naucleopsis,capirensis,,,NAUCCA,NA
Moraceae,Naucleopsis,naga,,,NAUCNA,NA
Moraceae,Naucleopsis,straminea,,,NAUCST,NA
Moraceae,Naucleopsis,ulei,,,NAUCUL,NA
Lauraceae,Nectandra,fuzzy,NA,NA,NECTS1,T
Lauraceae,Nectandra,bicolor,,,NECTBI,NA
Lauraceae,Nectandra,cissiflora,Nees,NECC,NECTCI,T
Lauraceae,Nectandra,cuspidata,Nees & Mart.,NEC2,NECTCU,U
Lauraceae,Nectandra,lineata,(Kunth) Rohwer,NECL,NECTGL,M
Lauraceae,Nectandra,martinicensis,,,NECTMA,S
Lauraceae,Nectandra,purpurea,(Ruiz & Pav.) Mez,NECP,NECTPU,M
Lauraceae,Nectandra,sp.11,NA,NA,NECT11,NA
Lauraceae,Nectandra,sp.12,NA,NA,NECT12,NA
Lauraceae,Nectandra,sp.3,NA,NA,NECT3,NA
Lauraceae,Nectandra,sp.4_(tiny_leaf),,,NECTS3,NA
Lauraceae,Nectandra,sp.9,NA,NA,NECT9,NA
Lauraceae,Nectandra,umbrosa,(Kunth) Mez,NECU,NECTUM,M
Nyctaginaceae,Neea,roja,,,NEEA6,NA
Nyctaginaceae,Neea,amplifolia,Donn. Sm.,NEEA,NEEAAM,S
Nyctaginaceae,Neea,delicatula,,,NEEADE,U
Nyctaginaceae,Neea,sp.1,NA,NA,NEEA1,NA
Nyctaginaceae,Neea,sp.2,NA,NA,NEEA2,NA
Nyctaginaceae,Neea,sp.3,NA,NA,NEEA3,NA
Nyctaginaceae,Neea,sp.4,NA,NA,NEEA4,NA
Nyctaginaceae,Neea,sp.7,NA,NA,NEEA7,NA
Bombacaceae,Ochroma,pyramidale,(Cav. ex Lam.) Urb.,OCHP,OCHRPY,M
Lauraceae,Ocotea,arcuata,,,OCOTAR,U
Lauraceae,Ocotea,atirrensis,,,OCOTPA,NA
Lauraceae,Ocotea,cernua,(Nees) Mez,OCOC,OCOTCE,M
Lauraceae,Ocotea,dendrodaphne,Mez,OCOD,OCOTDE,M
Lauraceae,Ocotea,endresiana,,,OCOTEN,NA
Lauraceae,Ocotea,hartshorniana,,,OCOTHA,NA
Lauraceae,Ocotea,insularis,(Meisn.) Mez,OCOI,OCOTIR,NA
Lauraceae,Ocotea,jorge-escobarii,,,OCOTJO,NA
Lauraceae,Ocotea,leucoxylon,,,OCOTLE,NA
Lauraceae,Ocotea,meziana,,,OCOTME,NA
Lauraceae,Ocotea,oblonga,(Meisn.) Mez,OCOO,OCOTOB,T
Lauraceae,Ocotea,puberula,Nees,OCOP,OCOTPU,T
Lauraceae,Ocotea,rubrinervis,,,OCOTRU,S
Lauraceae,Ocotea,sp.13,NA,NA,OCOT13,NA
Lauraceae,Ocotea,sp.14,NA,NA,OCOT14,NA
Lauraceae,Ocotea,sp.17,NA,NA,OCOT17,NA
Lauraceae,Ocotea,sp.18,NA,NA,OCOT18,NA
Lauraceae,Ocotea,sp.19,NA,NA,OCOT19,NA
Lauraceae,Ocotea,sp.5,NA,NA,OCOT5,NA
Lauraceae,Ocotea,sp.6,NA,NA,OCOT6,NA
Lauraceae,Ocotea,sp.7,NA,NA,OCOT7,NA
Lauraceae,Ocotea,sp.8,NA,NA,OCOT8,NA
Lauraceae,Ocotea,sp.9,NA,NA,OCOT9,NA
Lauraceae,Ocotea,tonduzii,,,OCOTTO,NA
Lauraceae,Ocotea,veraguensis,,,OCOTVE,NA
Lauraceae,Ocotea,whitei,Woodson,OCOS,OCOTWH,T
Apocynaceae,Odontadenia,macrantha,(Roem. & Schult.) Markgr.,ODOM,ODO1MA,LIANA
Apocynaceae,Odontadenia,puncticulosa,(Rich.) Pulle,ODOP,ODO1PU,LIANA
Menispermaceae,Odontocarya,1,NA,NA,ODO21,LIANA
Menispermaceae,Odontocarya,tamoides,(DC.) Miers,ODO1,ODO2TA,VINE
Menispermaceae,Odontocarya,truncata,Standl.,ODO2,ODO2TR,VINE
Arecaceae,Oenocarpus,mapora,H. Karst.,OENM,OENOMA,M
Euphorbiaceae,Omphalea,diandra,L.,OMPD,OMPHDI,LIANA
Cactaceae,Opuntia,elatior,,,OPUNEL,NA
Araliaceae,Oreopanax,sp.2,NA,NA,OREO2,NA
Fabaceae:Papil.,Ormosia,amazonica,Ducke,ORMA,ORMOAM,T
Fabaceae:Papil.,Ormosia,coccinea,,ORMC,ORMOCR,T
Fabaceae:Papil.,Ormosia,macrocalyx,Ducke,ORMM,ORMOMA,T
Melastomataceae,Ossaea,spicata,,,OSSASP,S
Myristicaceae,Osteophloeum,platyspermum,,,OSTEPL,T
Myristicaceae,Otoba,acuminata,,,OTOBAC,M
Myristicaceae,Otoba,latialata,,,OTOBLA,NA
Myristicaceae,Otoba,novogranatensis,,,OTOBNO,NA
Myristicaceae,Otoba,parvifolia,,,OTOBPA,NA
Ochnaceae,Ouratea,knappiae,,,OURAKN,U
Ochnaceae,Ouratea,lucens,(Kunth) Engl.,OURL,OURALU,S
Ochnaceae,Ouratea,prominens,,,OURACO,NA
Ochnaceae,Ouratea,sulcatinervia,,,OURASU,S
Annonaceae,Oxandra,longipetala,R.E. Fr.,OXAL,OXANLO,U
Annonaceae,Oxandra,panamensis,,,OXANPA,U
Annonaceae,Oxandra,venezuelana,,,OXANVE,NA
Bombacaceae,Pachira,aquatica,,,POCHAQ,M
Bombacaceae,Pachira,quinata,(Jacq.) W.S. Alverson,BOMQ,POCHQU,T
Bombacaceae,Pachira,sessilis,Benth.,BOMS,POCHSE,T
Rubiaceae,Palicourea,crocea,NA,NA,PALICR,NA
Rubiaceae,Palicourea,guianensis,Aubl.,PALG,PALIGU,S
Rubiaceae,Palicourea,triphylla,,,PALITR,S
Rubiaceae,Palicourea,tubuliflora,,,PALITU,NA
Proteaceae,Panopsis,suaveolens,,,PANOSU,M
Bignoniaceae,Paragonia,pyramidata,(Rich.) Bureau,PARP,PAR1PY,LIANA
Myrsinaceae,Parathesis,amplifolia,,,PAR2AM,M
Myrsinaceae,Parathesis,microcalyx,Donn. Sm.,PARM,PAR2MI,NA
Myrsinaceae,Parathesis,sp.1,NA,NA,PAR21,NA
Chrysobalanaceae,Parinari,chocoensis,,,PARICH,NA
Fabaceae:Mimos.,Parkia,nitida,,,PARKNI,NA
Fabaceae:Caesal.,Parkinsonia,aculeata,,,PAR1AC,NA
Bignoniaceae,Parmentiera,cereifera,,,PARMCE,M
Bignoniaceae,Parmentiera,macrophylla,,,PARMMA,M
Passifloraceae,Passiflora,ambigua,Hemsl.,PAS1,PASSAM,VINE
Passifloraceae,Passiflora,auriculata,NA,NA,PASSAU,LIANA
Passifloriaceae,Passiflora,biflora,NA,NA,PASSBI,LIANA
Passifloraceae,Passiflora,nitida,Kunth,PASN,PASSNI,VINE
Passifloraceae,Passiflora,seemannii,Griseb.,PASS,PASSSE,VINE
Passifloriaceae,Passiflora,vitifolia,Kunth,PASV,PASSVI,VINE
Sapindaceae,Paullinia,baileyi,Standl.,PAU1,PAULBA,LIANA
Sapindaceae,Paullinia,bracteosa,Radlk.,PAU2,PAULBR,LIANA
Sapindaceae,Paullinia,fibrigera,Radlk.,PAUF,PAULFI,LIANA
Sapindaceae,Paullinia,fuscescens,Kunth,PAU3,PAULFU,LIANA
Sapindaceae,Paullinia,glabrata,NA,NA,PAULG1,LIANA
Sapindaceae,Paullinia,glomerulosa,Radlk.,PAU4,PAULG2,LIANA
Sapindaceae,Paullinia,mallophyla,NA,NA,PAULMA,LIANA
Sapindaceae,Paullinia,pinnata,L.,PAU5,PAULPI,LIANA
Sapindaceae,Paullinia,pterocarpa,Triana & Planch.,PAU6,PAULPT,LIANA
Sapindaceae,Paullinia,rugosa,Benth. ex Radlk.,PAUR,PAULRU,LIANA
Sapindaceae,Paullinia,turbacensis,Kunth,PAUT,PAULTU,LIANA
Malvaceae,Pavonia,dasypetala,Turcz.,PAVD,LOPIDA,NA
Malvaceae,Pavonia,schiedeana,Steud.,PAVR,PAVORO,NA
Theaceae,Pelliciera,rhizophorae,,,PELLRH,NA
Fabaceae:Caesal.,Peltophorum,pterocarpum,,,PEL1IN,NA
Rubiaceae,Pentagonia,gymnopoda,,,PENTGY,S
Rubiaceae,Pentagonia,macrophylla,Benth.,PENM,PENTMA,U
Rubiaceae,Pentagonia,parvifolia,,,PENTPA,NA
Euphorbiaceae,Pera,arborea,Mutis,PERA,PERAAR,T
Euphorbiaceae,Pera,oppositifolia,,,PERAOP,NA
Moraceae,Perebea,angustifolia,,,PEREAN,NA
Moraceae,Perebea,guianensis,,,PEREGU,NA
Moraceae,Perebea,sp.1,NA,NA,PERE1,NA
Moraceae,Perebea,xanthochyma,H. Karst.,PERX,PEREXA,M
Cactaceae,Pereskia,bleo,,,PER1BL,S
Lauraceae,Persea,americana,Mill.,PER1,PERSAM,T
Phytolaccaceae,Petiveria,alliacea,L.,PET1,PETIAL,NA
Verbenaceae,Petrea,volubilis,L.,PETA,PETRAS,LIANA
Lauraceae,Phoebe,sp.1,NA,NA,PHOE1,NA
Rosaceae,Photinia,microcarpa,,,PHOTMI,NA
Bignoniaceae,Phryganocydia,corymbosa,(Vent.) Bureau ex K. Schum.,PHRC,PHRYCO,LIANA
Euphorbiaceae,Phyllanthus,chagres,NA,NA,PHYL1,NA
Euphorbiaceae,Phyllanthus,acuminatus,Vahl,PHYA,PHYLAC,S
Euphorbiaceae,Phyllanthus,skutchii,NA,NA,PHYLSK,NA
Arecaceae,Phytelephas,seemannii,,,PHYTSE,NA
Simaroubaceae,Picramnia,latifolia,Tul.,PICL,PICRLA,U
Simaroubaceae,Picramnia,sp.1,NA,NA,PICR1,NA
Piperaceae,Piper,aduncum,,,PIPEAD,S
Piperaceae,Piper,aequale,Vahl,PPAE,PIPEAE,S
Piperaceae,Piper,amalago,NA,NA,PIPEAM,NA
Piperaceae,Piper,arboreum,Aubl.,PPA1,PIPEA1,U
Piperaceae,Piper,aristolochiaefolium,(Trel.) Yunck.,PPA3,PIPEA2,VINE
Piperaceae,Piper,augustum,,,PIPEA4,S
Piperaceae,Piper,auritum,Kunth,PPAU,PIPEAU,U
Piperaceae,Piper,colonense,C. DC.,PPCU,PIPECU,S
Piperaceae,Piper,cordulatum,C. DC.,PPCO,PIPECO,S
Piperaceae,Piper,darienense,C. DC.,PPDA,PIPEDA,NA
Piperaceae,Piper,dilatatum,NA,NA,PIPEDI,NA
Piperaceae,Piper,fimbriulatum,,,PIPEFI,S
Piperaceae,Piper,grande,Vahl,PPGR,PIPEGR,U
Piperaceae,Piper,hirtellipetiolum,,,PIPEH2,S
Piperaceae,Piper,hispidum,Sw.,PPHI,PIPEHI,U
Piperaceae,Piper,imperialis,(Miq.) C. DC.,PPIM,PIPEIM,U
Piperaceae,Piper,longispicum,,,PIPELO,S
Piperaceae,Piper,marginatum,Jacq.,PPMA,PIPEMA,S
Piperaceae,Piper,multiplinervium,NA,NA,PIPEMU,LIANA
Piperaceae,Piper,perlasense,Vahl,PPPE,PIPEPE,S
Piperaceae,Piper,phytolaccifolium,,,PIPEPH,S
Piperaceae,Piper,reticulatum,L.,PPRE,PIPERE,U
Piperaceae,Piper,sancti-felicis,,,PIPESA,S
Piperaceae,Piper,schiedeanum,Steud.,PPCA,PIPECA,S
Piperaceae,Piper,sp.5,NA,NA,PIPE5,NA
Piperaceae,Piper,sp.6,NA,NA,PIPE6,NA
Piperaceae,Piper,sp.7,NA,NA,PIPE7,NA
Piperaceae,Piper,sp.8,NA,NA,PIPE8,NA
Nyctaginaceae,Pisonia,aculeata,L.,PISA,PISOAC,LIANA
Fabaceae,Pithecellobium,hymenaeifolium,(Willd.) Benth.,PITH,PIT1HY,LIANA
Fabaceae:Mimos.,Pithecellobium,lanceolatum,,,PIT1LA,NA
Fabaceae:Mimos.,Pithecellobium,unguis-cati,,,PIT1UN,NA
Bignoniaceae,Pithecoctenium,crucigerum,(L.) A.H. Gentry,PITC,PIT2CR,LIANA
Rubiaceae,Pittoniotis,trichantha,Griseb.,ANTT,ANTITR,NA
Fabaceae:Papil.,Platymiscium,pinnatum,(Jacq.) Dugand,PLAP,PLA1PI,T
Fabaceae:Papil.,Platypodium,elegans,Vogel,PLAE,PLA2EL,T
Bignoniaceae,Pleonotoma,variabilis,(Jacq.) Miers,PLEV,PLEOVA,LIANA
Flacourtiaceae,Pleuranthodendron,lindenii,,,PLE1LI,T
Lauraceae,Pleurothyrium,aff.hexaglandulosum,,,PLEUHE,NA
Lauraceae,Pleurothyrium,racemosum,,,PLEURA,NA
Lauraceae,Pleurothyrium,sp.2_(hoja_grande),,,PLEU2,NA
Myraceae,Plinia,cerrojefe,NA,NA,PLIN1,NA
Myrtaceae,Plinia,povedae,,,PLINPO,NA
Apocynaceae,Plumeria,rubra,,,PLUMAC,NA
Podocarpaceae,Podocarpus,guatemalensis,,,PODOGU,T
Podocarpaceae,Podocarpus,oleifolius,,,PODOOL,T
Rubiaceae,Pogonopus,exsertus,,,POGOSP,NA
Asteraceae,Pollalesta,discolor,,,POLLDI,NA
Rubiaceae,Posoqueria,latifolia,(Rudge) Roem. & Schult.,POSL,POSOLA,M
Rubiaceae,Posoqueria,maxima,NA,NA,POSOMA,NA
Rubiaceae,Posoqueria,sp.1_(hojas_chicas),,,POSO1,NA
Loganiaceae,Potalia,amara,,,POTAAM,NA
Moraceae,Poulsenia,armata,(Miq.) Standl.,POUA,POULAR,T
Cecropiaceae,Pourouma,bicolor,Mart.,POUB,POURBI,T
Cecropiaceae,Pourouma,minor,,,POURMI,T
Sapotaceae,Pouteria,buenaventurensis,,,POUTBU,T
Sapotaceae,Pouteria,bulliformis,,,POUTB1,NA
Sapotaceae,Pouteria,calistophylla,,,POUTC1,T
Sapotaceae,Pouteria,campechiana,,,POUTCA,M
Sapotaceae,Pouteria,congestifolia,,,POUTCO,NA
Sapotaceae,Pouteria,cuspidata,,,POUTCU,T
Sapotaceae,Pouteria,durlandii,,,POUTDU,NA
Sapotaceae,Pouteria,fossicola,Cronquist,POUF,POUTFO,T
Sapotaceae,Pouteria,foveolata,,,POUTF1,T
Sapotaceae,Pouteria,glomerata_ss:glomerata,,,POUTGL,NA
Sapotaceae,Pouteria,glomerata_ss:stylosa,,,POUTG1,NA
Sapotaceae,Pouteria,leptopedicellata,,,POUTLE,T
Sapotaceae,Pouteria,multiflora,,,POUTMU,NA
Sapotaceae,Pouteria,reticulata,(Engl.) Eyma,POUU,POUTRE,T
Sapotaceae,Pouteria,sclerocarpa.aff,,,POUTSC,NA
Sapotaceae,Pouteria,silvestris,,,POUTSY,NA
Sapotaceae,Pouteria,sp.10,NA,NA,POUT10,NA
Sapotaceae,Pouteria,sp.17,NA,NA,POUT17,NA
Sapotaceae,Pouteria,sp.18,NA,NA,POUT18,NA
Sapotaceae,Pouteria,sp.20,NA,NA,POUT20,NA
Sapotaceae,Pouteria,sp.21,NA,NA,POUT21,NA
Sapotaceae,Pouteria,sp.23,NA,NA,POUT23,NA
Sapotaceae,Pouteria,sp.27,NA,NA,POUT27,NA
Sapotaceae,Pouteria,sp.28,NA,NA,POUT28,NA
Sapotaceae,Pouteria,sp.3,NA,NA,POUT3,NA
Sapotaceae,Pouteria,sp.30,NA,NA,POUT30,NA
Sapotaceae,Pouteria,sp.4,NA,NA,POUT4,NA
Sapotaceae,Pouteria,sp.7,NA,NA,POUT7,NA
Sapotaceae,Pouteria,sp.8,NA,NA,POUT8,NA
Sapotaceae,Pouteria,sp.9,NA,NA,POUT9,NA
Sapotaceae,Pouteria,stipitata,Cronquist,POU2,POUTST,M
Sapotaceae,Pouteria,torta,,,POUTTO,M
Arecaceae,Prestoea,decurrens,,,PRESDE,NA
Apocynaceae,Prestonia,ipomaeifolia,A. DC.,PREI,PRESIP,LIANA
Apocynaceae,Prestonia,obovata,Standl.,PREO,PRESOB,LIANA
Apocynaceae,Prestonia,portobellensis,(Beurl.) Woodson,PREP,PRESPO,LIANA
Apocynaceae,Prestonia,quinquangularis,(Jacq.) Spreng.,PREA,PRESAC,VINE
Apocynaceae,Prestonia,sp.1,NA,NA,PRES1,LIANA
Apocynaceae,Prestonia,sp.2,NA,NA,PRES2,LIANA
Hippocrateaceae,Prionostemma,aspera,(Lam.) Miers,PRIA,PRI1AS,LIANA
Fabaceae:Caesal.,Prioria,copaifera,Griseb.,PRIC,PRI2CO,T
Flacourtiaceae,Prockia,crucis,,,PROCCR,U
Fabaceae:Mimos.,Prosopis,juliflora,,,PROSJU,NA
Burseraceae,Protium,aff.guianense,,,PROTGU,U
Burseraceae,Protium,confusum,(Rose) Pittier,PRO1,PROTSP,NA
Burseraceae,Protium,costaricense,(Rose) Engl.,PROC,PROTCO,M
Burseraceae,Protium,glabrum,(Rose) Engl.,PROG,PROTGL,U
Burseraceae,Protium,panamense,(Rose) I.M. Johnst.,PROP,PROTPA,M
Burseraceae,Protium,tenuifolium,Engl.,PROT,PROTTE,M
Burseraceae,Protium,tenuifolium_subsp.mcleodii,,,PROTT2,NA
Burseraceae,Protium,trifoliolatum,,,PROTTR,NA
Sapindaceae,Pseudima,sp.2,NA,NA,PSE32,NA
Bombacaceae,Pseudobombax,septenatum,(Jacq.) Dugand,PSE1,PSE1SE,T
Moraceae,Pseudolmedia,laevigata,,,PSE2LA,NA
Moraceae,Pseudolmedia,spuria,(Sw.) Griseb.,PSE2,PSE2SP,M
Fabaceae:Mimos.,Pseudosamanea,guachapele,(Kunth) Harms,ALBG,ALBIGU,T
Myrtaceae,Psidium,friedrichsthalianum,(O. Berg) Nied.,PSIF,PSIDFR,U
Myrtaceae,Psidium,guajava,L.,PSIG,PSIDGU,NA
Myrtaceae,Psidium,guineense,NA,NA,PSIDG1,NA
Cucurbitaceae,Psiguria,bignoniacea,(Poepp. & Endl.) Wunderlin,PSIB,PSIGBI,VINE
Cucurbitaceae,Psiguria,warscewiczii,(Hook. f.) Wunderlin,PSIW,PSIGWA,VINE
Rubiaceae,Psychotria,acuminata,Benth.,PYAC,PSYCAC,S
Rubiaceae,Psychotria,allenii,,,PSYCAL,NA
Rubiaceae,Psychotria,brachiata,Sw.,PYB1,PSYCB1,S
Rubiaceae,Psychotria,brachybotrya,Müll. Arg.,PYB2,PSYCB2,S
Rubiaceae,Psychotria,calophylla,,,PSYCCA,U
Rubiaceae,Psychotria,capitata,Ruiz & Pav.,PYC1,PSYCC1,S
Rubiaceae,Psychotria,carthagenensis,,PYC2,PSYCC2,NA
Rubiaceae,Psychotria,chagrensis,Standl.,PYCH,PSYCCH,S
Rubiaceae,Psychotria,cincta,,,PSYCCI,S
Rubiaceae,Psychotria,deflexa,DC.,PYDE,PSYCDE,S
Rubiaceae,Psychotria,elata,(Sw.) Hammel,PYEL,PSYCEL,S
Rubiaceae,Psychotria,emetica,L. f.,PYEM,PSYCEM,NA
Rubiaceae,Psychotria,erecta,(Aubl.) Standl. & Steyerm.,PYER,PSYCER,S
Rubiaceae,Psychotria,graciliflora,Benth.,PYG1,PSYCG1,S
Rubiaceae,Psychotria,grandis,Sw.,PYG3,PSYCG3,U
Rubiaceae,Psychotria,hoffmannseggiana,(Willd. ex Roem. & Schult.) Müll. Arg.,PYFU,PSYCFU,S
Rubiaceae,Psychotria,horizontalis,Sw.,PYHO,PSYCHO,S
Rubiaceae,Psychotria,ipecacuanha,(Brot.) Stokes,PYIP,PSYCIP,NA
Rubiaceae,Psychotria,limonensis,K. Krause,PYLI,PSYCLI,S
Rubiaceae,Psychotria,luxurians,,,PSYCLU,U
Rubiaceae,Psychotria,marginata,Sw.,PYMA,PSYCMA,S
Rubiaceae,Psychotria,micrantha,Kunth,PYMI,PSYCMI,S
Rubiaceae,Psychotria,nervosa,,,PSYCNE,S
Rubiaceae,Psychotria,panamensis,,,PSYCPA,NA
Rubiaceae,Psychotria,pittieri,Seem. ex Dombrain,PYPI,PSYCPI,S
Rubiaceae,Psychotria,poeppigiana,Müll. Arg.,PYPO,PSYCPO,S
Rubiaceae,Psychotria,psychotriifolia,(Seem.) Standl.,PYPS,PSYCPS,S
Rubiaceae,Psychotria,pubescens,Sw.,PYPU,PSYCPU,M
Rubiaceae,Psychotria,racemosa,Rich.,PYRA,PSYCRA,S
Rubiaceae,Psychotria,remota,,,PSYCRE,S
Rubiaceae,Psychotria,santaritensis,,,PSYCSA,U
Rubiaceae,Psychotria,sp.4,NA,NA,PSYC4,NA
Rubiaceae,Psychotria,suerrensis,Donn. Sm.,PYSU,PSYCSU,NA
Rubiaceae,Psychotria,tenuifolia,Sw.,PYG2,PSYCG2,S
Rubiaceae,Psychotria,umbelliformis,,,PSYCUM,U
Fabaceae:Papil.,Pterocarpus,acapulcensis,,,PTERAC,NA
Fabaceae:Papil.,Pterocarpus,officinalis,Jacq.,PTEO,PTEROF,NA
Fabaceae:Papil.,Pterocarpus,rohrii,Vahl,PTER,PTERRO,T
Fabaceae:Papil.,Pterocarpus,sp.2,NA,NA,PTER2,NA
Fabaceae:Papil.,Pterocarpus,sp.3,NA,NA,PTER3,NA
Vochysiaceae,Qualea,polychroma,,,QUALPO,T
Bombacaceae,Quararibea,asterolepis,Pittier,QUA1,QUARAS,T
Bombacaceae,Quararibea,asterolepis_ss:stenophylla,,,QUARA1,NA
Bombacaceae,Quararibea,platyphylla,,,QUARPL,NA
Bombacaceae,Quararibea,pterocalyx,Hemsl.,QUAP,QUARPT,M
Bombacaceae,Quararibea,pumila,,,QUARPU,NA
Bombacaceae,Quararibea,sp.3,NA,NA,QUAR3,NA
Bombacaceae,Quararibea,sp.4,NA,NA,QUAR4,NA
Simaroubaceae,Quassia,amara,L.,QUA2,QUASAM,U
Fagaceae,Quercus,insignis,NA,NA,QUERIN,NA
Celastraceae,Quetzalia,occidentalis,,,QUETOC,NA
Quiinaceae,Quiina,schippii,Standl.,QUIS,QUIISC,U
Rubiaceae,Randia,campo_chagres,,,RAND4,NA
Rubiaceae,Randia,aculeata,,,RANDAC,NA
Rubiaceae,Randia,armata,(Sw.) DC.,RANA,RANDAR,U
Rubiaceae,Randia,grandifolia,,,RANDGR,U
Rubiaceae,Randia,hondensis,,,RANDHO,NA
Rubiaceae,Randia,lasiantha,,,RANDLA,U
Rubiaceae,Randia,sp.2,NA,NA,RAND2,NA
Rubiaceae,Randia,sp.3,NA,NA,RAND3,NA
Arecaceae,Raphia,taedigera,,,RAPHTA,NA
Rubiaceae,Raritebe,palicoureoides,,,RARIPA,S
Apocynaceae,Rauvolfia,littoralis,Rusby,RAUL,RAUVLI,M
Apocynaceae,Rauvolfia,purpurascens,,,RAUVPU,NA
Apocynaceae,Rhabdadenia,biflora,(Jacq.) Müll. Arg.,RHAB,RHABBI,LIANA
Rhamnaceae,Rhamnus,sharpii,NA,NA,RHAMSH,NA
Rhizophoraceae,Rhizophora,mangle,,,RHIZMA,T
Fabaceae:faboid.,Rhynchosia,pyramidalis,(Lam.) Urb.,RHYP,RHYCPY,LIANA
Euphorbiaceae,Ricinus,communis,NA,NA,RICICO,NA
Violaceae,Rinorea,aff.apiculata,,,RINOAP,NA
Violaceae,Rinorea,crenata,,,RINOCR,U
Violaceae,Rinorea,dasyadena,,,RINODA,NA
Violaceae,Rinorea,hummelii,,,RINOHU,NA
Violaceae,Rinorea,lindeniana,,,RINOLI,S
Violaceae,Rinorea,sp.2,NA,NA,RINO2,NA
Violaceae,Rinorea,sp.3,NA,NA,RINO3,NA
Violaceae,Rinorea,squamata,S.F. Blake,RIN1,RINOSQ,U
Violaceae,Rinorea,sylvatica,(Seem.) Kuntze,RIN2,RINOSY,S
Annonaceae,Rollinia,mucosa,,,ROLLMU,M
Annonaceae,Rollinia,pittieri,,,ROLLPI,M
Rubiaceae,Rondeletia,amoena,,,RONDAM,NA
Rubiaceae,Rondeletia,buddleioides,,,RONDBU,U
Rubiaceae,Rondeletia,hameliifolia,,,RONDHA,NA
Rubiaceae,Rondeletia,panamensis,,,RONDPA,S
Rubiaceae,Rosenbergiodendron,formosum,(Jacq.) Fagerl.,RANF,RANDFO,U
Proteaceae,Roupala,montana,Aubl.,ROUM,ROUPMO,M
Proteaceae,Roupala,percoriacea,,,ROUPPE,U
Connaraceae,Rourea,glabra,Kunth,ROUG,ROURGL,LIANA
Arecaceae,Roystonea,regia,,,ROYSRE,T
Rubiaceae,Rudgea,cornifolia,,,RUDGCO,NA
Rubiaceae,Rudgea,isthmensis,,,RUDGIS,NA
Rubiaceae,Rudgea,pittieri,,,RUDGPI,U
Rubiaceae,Rudgea,skutchii,,,RUDGSK,NA
Rubiaceae,Rudgea,sp.1,NA,NA,RUDG1,NA
Polygonaceae,Ruprechtia,costata,,,RUPRCO,NA
Lepidobotryaceae,Ruptiliocarpon,caracolito,,,RUPTCA,NA
Flacourtiaceae,Ryania,speciosa,,,RYANSP,U
Rubiaceae,Sabicea,villosa,Willd. ex Roem. & Schult.,SABV,SABIVI,LIANA
Humiriaceae,Sacoglottis,ovicarpa,,,SACOOV,T
Humiriaceae,Sacoglottis,trichogyna,,,SACOTR,T
Hippocrateaceae,Salacia,juruana,,,SALAJU,U
Hippocrateaceae,Salacia,petenensis,,,SALAPE,U
Fabaceae:Mimos.,Samanea,saman,,,SAMASA,T
Sapindaceae,Sapindus,saponaria,L.,SAP2,SAP1SA,M
Euphorbiaceae,Sapium,broadleaf,Loes.,SAPS,SAPISP,T
Euphorbiaceae,Sapium,glandulosum,(L.) Morong,SAPG,SAPIAU,T
Euphorbiaceae,Sapium,laurifolium,NA,NA,SAPILA,NA
Euphorbiaceae,Sapium,pachystachys,NA,NA,SAPIPA,NA
Euphorbiaceae,Sapium,sp.2,NA,NA,SAPI2,NA
Sapotaceae,Sarcaulus,brasiliensis,,,SARCBR,NA
Actinidiaceae,Saurauia,montana,NA,NA,SAURMO,NA
Actinidiaceae,Saurauia,rubiformis,,,SAURRU,NA
Actinidiaceae,Saurauia,yasicae,Loes.,SAUY,SAURLA,M
Araliaceae,Schefflera,morototoni,"(Aubl.) Maguire, Steyerm. & Frodin",SCHM,SCH2MO,T
Fabaceae:Caesal.,Schizolobium,parahyba,(Vell.) S.F. Blake,SCHP,SCHIPA,T
Thymelaeaceae,Schoenobiblus,panamensis,,,SCHOPA,NA
Olacaceae,Schoepfia,vacciniiflora,NA,NA,SCH3VA,NA
Araliaceae,Sciadodendron,excelsum,,,SCIAEX,M
Menispermaceae,Sciadotenia,nitida,NA,NA,SCIANI,LIANA
Fabaceae:Caesal.,Sclerolobium,costaricense,,,SCLECO,T
Polygalaceae,Securidaca,diversifolia,(L.) S.F. Blake,SECD,SECUDI,LIANA
Fabaceae:Caesal.,Senna,bicapsularis,,,SENNBI,S
Fabaceae:Caesal.,Senna,dariensis,(Britton & Rose) H.S. Irwin & Barneby,SEND,SENNDA,S
Fabaceae:Caesal.,Senna,reticulata,(Willd.) H.S. Irwin & Barneby,SENR,SENNRE,NA
Fabaceae,Senna,undulata,NA,NA,SENNUN,LIANA
Sapindaceae,Serjania,atrolineata,C. Wright,SERA,SERJAT,LIANA
Sapindaceae,Serjania,circumvallata,Radlk.,SER1,SERJCI,LIANA
Sapindaceae,Serjania,cornigera,Turcz.,SER2,SERJCO,LIANA
Sapindaceae,Serjania,decapleuria,Croat,SERD,SERJDE,LIANA
Sapindaceae,Serjania,membranacea,NA,NA,SERJM1,LIANA
Sapindaceae,Serjania,mexicana,(L.) Willd.,SERM,SERJME,LIANA
Sapindaceae,Serjania,paucidentata,DC.,SER3,SERJPA,LIANA
Sapindaceae,Serjania,pluvialiflorens,Croat,SER4,SERJPL,LIANA
Sapindaceae,Serjania,rhombea,Radlk.,SERR,SERJRH,VINE
Sapindaceae,Serjania,trachygona,Radlk.,SERT,SERJTR,LIANA
Cucurbitaceae,Sicydium,coriaceum,Cogn.,SICC,SICYCO,VINE
Sapotaceae,Sideroxylon,capiri,,,SIDECA,NA
Sapotaceae,Sideroxylon,celastrinum,,,SIDECE,NA
Sapotaceae,Sideroxylon,persimile,,,SIDEPE,NA
Simaroubaceae,Simaba,cedron,,,SIM1CE,NA
Simaroubaceae,Simaba,polyphylla,,,SIM1PO,M
Simaroubaceae,Simarouba,amara,Aubl.,SIMA,SIMAAM,T
Monimiaceae,Siparuna,conica,,,SIPACO,NA
Monimiaceae,Siparuna,cuspidata,,,SIPACU,NA
Monimiaceae,Siparuna,grandiflora,,,SIPAGR,NA
Monimiaceae,Siparuna,guianensis,Aubl.,SIPG,SIPAGU,M
Monimiaceae,Siparuna,pauciflora,(Beurl.) A. DC.,SIPP,SIPAPA,U
Monimiaceae,Siparuna,sp.3,NA,NA,SIPA3,NA
Monimiaceae,Siparuna,sp.5,NA,NA,SIPA5,NA
Monimiaceae,Siparuna,thecaphora,,,SIPATH,NA
Elaeocarpaceae,Sloanea,cerrojefe,NA,NA,SLOACE,NA
Elaeocarpaceae,Sloanea,aff.laurifolia,,,SLOALA,NA
Elaeocarpaceae,Sloanea,medusula,,,SLOAM2,NA
Elaeocarpaceae,Sloanea,megaphylla,,,SLOAME,M
Elaeocarpaceae,Sloanea,meianthera,Donn. Sm.,SLOM,SLOAM1,NA
Elaeocarpaceae,Sloanea,sp.5,NA,NA,SLOA5,NA
Elaeocarpaceae,Sloanea,sp.6,NA,NA,SLOA6,NA
Elaeocarpaceae,Sloanea,sp.7,NA,NA,SLOA7,NA
Elaeocarpaceae,Sloanea,sp.8,NA,NA,SLOA8,NA
Elaeocarpaceae,Sloanea,sp.9,NA,NA,SLOA9,NA
Elaeocarpaceae,Sloanea,terniflora,(Sessé & Moc. ex DC.) Standl.,SLOT,SLOATE,T
Elaeocarpaceae,Sloanea,tuerckheimii,,,SLOATU,NA
Elaeocarpaceae,Sloanea,zuliaensis,NA,NA,SLOAZU,M
Smilacaceae,Smilax,domingensis,Willd.,SMIL,SMILLA,LIANA
Smilacaceae,Smilax,mollis,Humb. & Bonpl. ex Willd.,SMIM,SMILMO,VINE
Smilacaceae,Smilax,panamensis,Morong,SMIP,SMILPA,VINE
Smilacaceae,Smilax,sp.,NA,NA,SMIL,LIANA
Smilacaceae,Smilax,sp.1,NA,NA,SMIL1,LIANA
Smilacaceae,Smilax,spinosa,Mill.,SMI1,SMILS1,VINE
Smilacaceae,Smilax,spissa,Killip & C.V. Morton,SMI2,SMILS2,VINE
Arecaceae,Socratea,exorrhiza,(Mart.) H. Wendl.,SOCE,SOCREX,M
Solanaceae,Solanum,enves_purpura,,,SOLA5,NA
Solanaceae,Solanum,arboreum,Dunal,SOL2,SOLAAR,S
Solanaceae,Solanum,asperum,Rich.,SOL4,SOLAAS,S
Solanaceae,Solanum,aturense,NA,NA,SOLAAT,LIANA
Solanaceae,Solanum,circinatum,Bohs,CYPH,CYPHHA,NA
Solanaceae,Solanum,extensum,,,SOLAEX,S
Solanaceae,Solanum,hayesii,Fernald,SOLH,SOLAHA,M
Solanaceae,Solanum,jamaicense,,,SOLAJA,NA
Solanaceae,Solanum,lancaeifolium,Dunal,SOL5,SOLALA,VINE
Solanaceae,Solanum,siparunoides,NA,NA,SOLASI,NA
Solanaceae,Solanum,sp.3,NA,NA,SOLA3,NA
Solanaceae,Solanum,steyermarkii,Carvalho,SOL3,SOLAST,S
Moraceae,Sorocea,affinis,Hemsl.,SORA,SOROAF,S
Moraceae,Sorocea,pubivena_ss:oligotricha,,,SOROP1,NA
Moraceae,Sorocea,pubivena_ss:pubivena,,,SOROPU,NA
Marcgraviaceae,Souroubea,sympetala,Gilg,SOUS,SOURSY,LIANA
Malpighiaceae,Spachea,correae,,,SPACCO,M
Malpighiaceae,Spachea,membranacea,Cuatrec.,SPAM,SPACME,U
Bignoniaceae,Spathodea,campanulata,,,SPATCA,T
Loganiaceae,Spigelia,anthelmia,L.,SPIA,SPIGAN,NA
Anacardiaceae,Spondias,dulcis,,,SPONCY,NA
Anacardiaceae,Spondias,mombin,L.,SPOM,SPONMO,T
Anacardiaceae,Spondias,purpurea,L.,SPOP,SPONPU,M
Anacardiaceae,Spondias,radlkoferi,Donn. Sm.,SPOR,SPONRA,T
Rubiaceae,Stachyarrhena,heterochroa,,,STACDI,NA
Rutaceae,Stauranthus,perforatus,,,STAUPE,NA
Apocynaceae,Stemmadenia,alfari,,,STEMAL,S
Apocynaceae,Stemmadenia,grandiflora,(Jacq.) Miers,STEG,STEMGR,U
Apocynaceae,Stemmadenia,obovata,NA,NA,STEMOB,NA
Apocynaceae,Stemmadenia,sp.1,NA,NA,STEM1,NA
Apocynaceae,Stemmadenia,sp.3,NA,NA,STEM3,NA
Sterculiaceae,Sterculia,apetala,(Jacq.) H. Karst.,STEA,STERAP,T
Sterculiaceae,Sterculia,glauca,,,STERGL,T
Sterculiaceae,Sterculia,recordiana,,,STERRE,T
Sterculiaceae,Sterculia,sp.2,NA,NA,STER2,NA
Malpighiaceae,Stigmaphyllon,ellipticum,(Kunth) A. Juss.,STIE,STIGEL,LIANA
Malpighiaceae,Stigmaphyllon,hypargyreum,Triana & Planch.,STIH,STIGHY,VINE
Malpighiaceae,Stigmaphyllon,lindenianum,A. Juss.,STIL,STIGLI,LIANA
Malpighiaceae,Stigmaphyllon,puberum,(Rich.) A. Juss.,STIP,STIGPU,VINE
Bignoniaceae,Stizophyllum,inaequilaterum,Bureau & K. Schum.,STII,STIZIN,VINE
Bignoniaceae,Stizophyllum,riparium,(Kunth) Sandwith,STIR,STIZRI,LIANA
Loganiaceae,Strychnos,brachistantha,Standl.,STRB,STRYBR,LIANA
Loganiaceae,Strychnos,darienensis,Seem.,STRD,STRYDA,LIANA
Loganiaceae,Strychnos,panamensis,Seem.,STRP,STRYPA,LIANA
Loganiaceae,Strychnos,sp.1,NA,NA,STRY1,NA
Loganiaceae,Strychnos,toxifera,R.H. Schomb. ex Benth.,STRT,STRYTO,LIANA
Myrsinaceae,Stylogyne,turbacensis,(Kunth) Mez,STYS,STYLST,NA
Fabaceae:Papil.,Swartzia,aff.sumorum,,,SWARSU,NA
Fabaceae:Papil.,Swartzia,panamensis,Benth.,SWAP,SWARPA,M
Fabaceae:Papil.,Swartzia,simplex_var.grandiflora,(Sw.) Spreng.,SWA1,SWARS1,NA
Fabaceae:Papil.,Swartzia,simplex_var.ochnacea,(Sw.) Spreng.,SWA2,SWARS2,NA
Meliaceae,Swietenia,macrophylla,,,SWIEMA,T
Clusiaceae,Symphonia,globulifera,L. f.,SYMG,SYMPGL,T
Symplocaceae,Symplocos,panamensis,,,SYM1PA,NA
Arecaceae,Synechanthus,warscewiczianus,H. Wendl.,SYNW,SYNEWA,S
Myrtaceae,Syzygium,jambos,,,SYZYJA,U
Myrtaceae,Syzygium,malaccense,NA,NA,SYZYMA,NA
Bignoniaceae,Tabebuia,guayacan,(Seem.) Hemsl.,TABG,TAB1GU,T
Bignoniaceae,Tabebuia,ochracea,(Cham.) Standl.,TABO,TAB1OC,T
Bignoniaceae,Tabebuia,rosea,(Bertol.) A. DC.,TABR,TAB1RO,T
Bignoniaceae,Tabebuia,striata,,,TAB1ST,U
Apocynaceae,Tabernaemontana,arborea,Rose,TABA,TAB2AR,T
Apocynaceae,Tabernaemontana,divaricata,NA,NA,TAB2DI,NA
Apocynaceae,Tabernaemontana,longipes,,,TAB2PE,NA
Apocynaceae,Tabernaemontana,panamensis,,,TAB2PA,S
Apocynaceae,Tabernaemontana,undulata,,,TAB2UN,S
Fabaceae:Caesal.,Tachigali,versicolor,Radlk.,TACV,TACHVE,T
Magnoliaceae,Talauma,gloriensis,,,TALAGL,T
Magnoliaceae,Talauma,sambuensis,,,TALASA,T
Malvaceae,Talipariti,tiliaceum_var.pernambucens,,,HIBIPE,NA
Sapindaceae,Talisia,nervosa,Radlk.,TALN,TALINE,U
Sapindaceae,Talisia,princeps,Oliv.,TALP,TALIPR,M
Anacardiaceae,Tapirira,guianensis,Aubl.,TAPG,TAPIGU,T
Dichapetalaceae,Tapura,cubensis,,,TAPUCU,NA
Asclepiadaceae,Tassadia,obovata,Decne.,CYNR,CYNARE,LIANA
Bignoniaceae,Tecoma,stans,,,TECOST,U
Verbenaceae,Tectona,grandis,,,TECTGR,T
Combretaceae,Terminalia,amazonia,(J.F. Gmel.) Exell,TERA,TERMAM,T
Combretaceae,Terminalia,catappa,,,TERMCA,NA
Combretaceae,Terminalia,myriocarpa,,,TERMMY,NA
Combretaceae,Terminalia,oblonga,(Ruiz & Pav.) Steud.,TERO,TERMOB,T
Combretaceae,Terminalia,sp.1,NA,NA,TERM1,NA
Theaceae,Ternstroemia,tepezapote,Schltdl. & Cham.,TERT,TERNTE,U
Dilleniaceae,Tetracera,hydrophila,Triana & Planch.,TETH,TET1HY,LIANA
Dilleniaceae,Tetracera,portobellensis,Beurl.,TET1,TET1PO,LIANA
Dilleniaceae,Tetracera,volubilis,L.,TETV,TET1VO,LIANA
Burseraceae,Tetragastris,panamensis,(Engl.) Kuntze,TET2,TET2PA,T
Malpighiaceae,Tetrapterys,discolor,NA,NA,TET3DI,LIANA
Malpighiaceae,Tetrapterys,seemannii,Triana & Planch.,TETS,TET3SE,LIANA
Malpighiaceae,Tetrapterys,sp.1,NA,NA,TET31,LIANA
Malpighiaceae,Tetrapterys,tinifolia,Triana & Planch.,TETM,TET3MA,LIANA
Flacourtiaceae,Tetrathylacium,johansenii,Standl.,TETJ,TET4JO,T
Flacourtiaceae,Tetrathylacium,macrophyllum,,,TET4MA,T
Euphorbiaceae,Tetrorchidium,euryphyllum,,,TET5EU,NA
Euphorbiaceae,Tetrorchidium,gorgonae,Croizat,TETG,TET5GO,M
Sterculiaceae,Theobroma,bernoullii,Pittier,THEB,THEOBE,M
Sterculiaceae,Theobroma,bicolor,,,THEOBI,NA
Sterculiaceae,Theobroma,cacao,L.,THEC,THEOCA,U
Sterculiaceae,Theobroma,simiarum,,,THEOCH,NA
Sterculiaceae,Theobroma,speciosum,,,THEOSP,NA
Malvaceae,Thespesia,populnea,NA,NA,THESPO,NA
Apocynaceae,Thevetia,ahouai,(L.) A. DC.,THEA,THEVAH,U
Sapindaceae,Thinouia,myriantha,Triana & Planch.,THIM,THINMY,LIANA
Melastomataceae,Tibouchina,bipenicillata,,,TIBOBI,NA
Asteraceae,Tilesia,baccata,(L.) Pruski,WULB,WULFBA,VINE
Melastomataceae,Tococa,acuminata,,,TOC1AC,S
Melastomataceae,Tococa,guianensis,NA,NA,TOC1GU,NA
Rubiaceae,Tocoyena,pittieri,(Standl.) Standl.,TOCP,TOCOPI,M
Hippocrateaceae,Tontelea,ovalifolia_subsp._ richardii,(Miers) A.C. Sm.,TONO,TONTOV,LIANA
Boraginaceae,Tournefortia,bicolor,Sw.,TOUB,TOURBI,LIANA
Boraginaceae,Tournefortia,cuspidata,Kunth,TOUC,TOURCU,VINE
Boraginaceae,Tournefortia,hirsutissima,L.,TOUH,TOURHI,VINE
Clusiaceae,Tovomita,longifolia,(Rich.) Hochr.,TOVL,TOVOLO,U
Clusiaceae,Tovomita,sp.1,NA,NA,TOVO1,NA
Clusiaceae,Tovomita,stylosa,Hemsl.,TOVS,TOVOST,U
Clusiaceae,Tovomita,weddelliana,,,TOVOWE,U
Burseraceae,Trattinnickia,aspera,(Standl.) Swart,TRAA,TRATAS,T
Burseraceae,Trattinnickia,burserifolia,,,TRATBU,NA
Ulmaceae,Trema,micrantha,(L.) Blume,TREM,TREMMI,M
Acanthaceae,Trichanthera,gigantea,(Bonpl.) Nees,TRIG,TRI1GI,U
Meliaceae,Trichilia,hirta,L.,TRIH,TRI2HI,T
Meliaceae,Trichilia,martiana,,,TRI2TO,M
Meliaceae,Trichilia,pallida,Sw.,TRI1,TRI2PA,M
Meliaceae,Trichilia,pleeana,(A. Juss.) C. DC.,TRI2,TRI2PL,M
Meliaceae,Trichilia,poeppigii,,,TRI2PO,NA
Meliaceae,Trichilia,quadrijuga,,,TRI2QU,M
Meliaceae,Trichilia,septentrionalis,,,TRI2SE,M
Meliaceae,Trichilia,sp.1,NA,NA,TRI21,NA
Meliaceae,Trichilia,sp.2,NA,NA,TRI22,NA
Meliaceae,Trichilia,trifolia,,,TRI2TR,NA
Meliaceae,Trichilia,tuberculata,(Triana & Planch.) C. DC.,TRI3,TRI2TU,T
Tiliaceae,Trichospermum,galeottii,(Turcz.) Kosterm.,TRI6,TRI4GA,M
Trigoniaceae,Trigonia,rugosa,Benth.,TRIF,TRIGRU,LIANA
Polygonaceae,Triplaris,cumingiana,Fisch. & C.A. Mey. ex C.A. Mey.,TRIC,TRIPCU,M
Tiliaceae,Triumfetta,bogotensis,,,TRIUBO,S
Moraceae,Trophis,caucana,(Pittier) C.C. Berg,OLMA,OLMEAS,U
Moraceae,Trophis,racemosa,(L.) Urb.,TROR,TROPRA,M
Turneraceae,Turnera,panamensis,Urb.,TURP,TURNPA,S
Staphyleaceae,Turpinia,occidentalis,(Sw.) G. Don,TURO,TURPOC,T
Bignoniaceae,Tynnanthus,croatianus,A.H. Gentry,TYNC,TYNNCR,LIANA
Ulmaceae,Ulmus,mexicana,NA,NA,ULMUME,NA
Rubiaceae,Uncaria,tomentosa,(Willd. ex Roem & Schult.) DC.,UNCT,UNCATO,LIANA
Unidentified,Unidentified,(howard)sp.2,,,UN2_CO,NA
Unidentified,Unidentified,(sherman),,,UN2_SH,NA
Unidentified,Unidentified,monitoreo_39,,,UN1M39,NA
Unidentified,Unidentified,monitoreo_40,,,UN1M40,NA
Unidentified,Unidentified,monitoreo_41_1,,,UN1M41,NA
Unidentified,Unidentified,monitoreo_9,,,UN1_M9,NA
Unidentified,Unidentified,species,,,UNIDEN,NA
Annonaceae,Unonopsis,peludo,,,UNON3,NA
Annonaceae,Unonopsis,panamensis,R.E. Fr.,UNO2,UNONPA,U
Annonaceae,Unonopsis,pittieri,Saff.,UNOP,UNONPI,M
Annonaceae,Unonopsis,sp.1,NA,NA,UNON1,NA
Annonaceae,Unonopsis,sp.2,NA,NA,UNON2,NA
Annonaceae,Unonopsis,theobromifolia,,,UNONTH,U
Annonaceae,Unonopsis,veneficiorum,,,UNONVE,NA
Urticaceae,Urera,baccifera,(L.) Gaudich. ex  Wedd.,UREB,URERBA,S
Urticaceae,Urera,caracasana,(Jacq.) Griseb.,UREC,URERCA,U
Urticaceae,Urera,eggersii,Hieron.,UREE,UREREG,LIANA
Humiriaceae,Vantanea,depleta,McPherson,VAND,VANTDE,T
Caricaceae,Vasconcellea,cauliflora,(Jacq.) A. DC.,CARC,CARICA,NA
Fabaceae:Papil.,Vatairea,erythrocarpa,,,VATAER,T
Asteraceae,Verbesina,gigantea,Jacq.,VERG,VERBGI,S
Asteraceae,Verbesina,lanata,,,VERBLA,S
Asteraceae,Vernonanthura,patens,(Kunth) H. Rob.,VERP,VERNPA,U
Caprifoliaceae,Viburnum,costaricanum,NA,NA,VIBUCO,NA
Myristicaceae,Virola,elongata,(Benth.) Warb.,VIRE,VIROEL,M
Myristicaceae,Virola,koschnyi,,,VIROKO,T
Myristicaceae,Virola,macrocarpa,NA,NA,VIROMA,NA
Myristicaceae,Virola,megacarpa,,,VIROME,M
Myristicaceae,Virola,multiflora,(Standl.) A.C. Sm.,VIR3,VIROSP,T
Myristicaceae,Virola,sebifera,Aubl.,VIR1,VIROSE,M
Myristicaceae,Virola,sp.1,NA,NA,VIRO1,NA
Myristicaceae,Virola,sp.2,NA,NA,VIRO2,NA
Myristicaceae,Virola,surinamensis,(Rol. ex Rottb.) Warb.,VIR2,VIROSU,T
Clusiaceae,Vismia,baccifera,(L.) Triana & Planch.,VIS1,VISMBA,U
Clusiaceae,Vismia,billbergiana,Beurl.,VIS2,VISMBI,U
Clusiaceae,Vismia,jefensis,,,VISMJE,U
Clusiaceae,Vismia,macrophylla,Kunth,VISM,VISMMA,M
Verbenaceae,Vitex,cooperi,Standl.,VITC,VITECO,M
Verbenaceae,Vitex,cymosa,,,VITECY,M
Vitaceae,Vitis,tiliifolia,Humb. & Bonpl. ex Roem. & Schult.,VITT,VITITI,LIANA
Vochysiaceae,Vochysia,ferruginea,Mart.,VOCF,VOCHFE,T
Vochysiaceae,Vochysia,guatemalensis,,,VOCHHO,NA
Vochysiaceae,Vochysia,jefensis,,,VOCHJE,NA
Vochysiaceae,Vochysia,sp.1,NA,NA,VOCH1,NA
Sterculiaceae,Waltheria,glomerata,,,WALTGL,S
Rubiaceae,Warszewiczia,coccinea,(Vahl) Klotzsch,WARC,WARSCO,M
Arecaceae,Welfia,regia,,,WELFRE,M
Malvaceae,Wercklea,cocleana,,,WERCCO,NA
Malvaceae,Wercklea,insignis,,,WERCIN,NA
Malvaceae,Wercklea,woodsonii,NA,NA,WERCWO,NA
Arecaceae,Wettinia,quinaria,,,WETTHI,NA
Arecaceae,Wettinia,quinaria,,,WETTQU,NA
Solanaceae,Witheringia,solanacea,,,WITHSO,S
Olacaceae,Ximenia,americana,,,XIMEAM,U
Bignoniaceae,Xylophragma,seemannianum,NA,NA,XYL3SE,LIANA
Annonaceae,Xylopia,aromatica,(Lam.) Mart.,XYLA,XYL1AR,M
Annonaceae,Xylopia,bocatorena,,,XYL1BO,M
Annonaceae,Xylopia,frutescens,Aubl.,XYLF,XYL1FR,M
Annonaceae,Xylopia,macrantha,Triana & Planch.,XYLM,XYL1MA,M
Annonaceae,Xylopia,sericea,,,XYL1SE,NA
Flacourtiaceae,Xylosma,chlorantha,Donn. Sm.,XYLC,XYL2CH,U
Flacourtiaceae,Xylosma,oligandra,Donn. Sm.,XYLO,XYL2OL,S
Flacourtiaceae,Xylosma,panamensis,,,XYL2PA,NA
Cycadaceae,Zamia,sp.1,NA,NA,ZAMI1,NA
Rutaceae,Zanthoxylum,acuminatum,(Sw.) Sw.,ZANJ,ZANTPR,NA
Rutaceae,Zanthoxylum,ekmanii,(Urb.) Alain,ZANB,ZANTBE,T
Rutaceae,Zanthoxylum,melanostictum,NA,NA,ZANTME,NA
Rutaceae,Zanthoxylum,panamense,P. Wilson,ZAN1,ZANTP1,T
Rutaceae,Zanthoxylum,setulosum,P. Wilson,ZANS,ZANTSE,M
Rhamnaceae,Ziziphus,chloroxylon,,,ZIZICI,NA
Rhamnaceae,Ziziphus,mauritiana,,,ZIZIMA,NA
Rhamnaceae,Ziziphus,strychnifolia,NA,NA,ZIZIST,NA
Flacourtiaceae,Zuelania,guidonia,(Sw.) Britton & Millsp.,ZUEG,ZUELGU,M
Fabaceae:Mimos.,Zygia,dinizii,"(Ducke) D.A. Neill, G.P. Lewis & Klitgaard",PITD,PIT1DI,NA
Fabaceae:Mimos.,Zygia,englesingii,,,ZYGIEN,NA
Fabaceae:Mimos.,Zygia,latifolia,(L.) Fawc. & Rendle,ZYGL,ZYGILA,NA
Fabaceae:Mimos.,Zygia,longifolia,,,ZYGILO,M
Fabaceae:Mimos.,Zygia,sp.1,NA,NA,ZYGI1,NA
Fabaceae:Mimos.,Zygia,sp.2,NA,NA,ZYGI2,NA
